Date,Open,High,Low,Close,Volume
2020-01-02,22.44,22.96,21.93,22.74,441533
2020-01-03,22.61,23.84,22.31,23.39,536578
2020-01-06,23.41,25.99,23.41,25.98,961275
2020-01-07,25.41,26.14,25.27,25.96,578104
2020-01-08,26.0,27.81,25.09,26.45,850346
2020-01-09,27.05,27.19,25.98,26.61,451568
2020-01-10,26.12,27.04,25.74,26.75,460877
2020-01-13,27.26,27.69,26.56,27.11,403600
2020-01-14,27.73,29.53,27.41,28.41,607636
2020-01-15,28.06,28.34,26.41,27.48,509522
2020-01-16,27.25,28.11,26.75,27.26,383866
2020-01-17,27.04,27.62,26.81,27.29,367475
2020-01-20,27.09,28.33,26.41,27.81,407137
2020-01-21,27.42,27.89,26.89,26.91,292550
2020-01-22,26.84,29.15,26.8,28.59,605510
2020-01-23,28.47,29.76,26.59,28.39,590399
2020-02-03,25.29,26.69,25.29,25.29,585891
2020-02-04,26.68,28.07,26.0,28.07,688621
2020-02-05,29.62,31.14,29.21,30.05,904906
2020-02-06,28.37,31.35,28.23,30.93,745216
2020-02-07,30.34,31.31,29.57,30.94,472808
2020-02-10,30.69,34.29,30.69,34.29,680223
2020-02-11,36.12,36.39,33.91,35.36,757975
2020-02-12,34.59,39.15,34.58,39.15,495623
2020-02-13,41.24,43.31,39.14,39.9,981344
2020-02-14,40.88,41.95,38.44,38.68,772018
2020-02-17,38.67,41.7,38.63,41.69,634669
2020-02-18,41.55,42.41,38.48,40.42,742147
2020-02-19,41.34,42.16,38.8,39.07,679910
2020-02-20,39.98,40.26,38.12,39.46,580228
2020-02-21,39.11,39.75,38.41,38.61,609376
2020-02-24,37.76,38.02,34.55,36.69,938421
2020-02-25,35.95,40.61,35.81,40.61,825477
2020-02-26,41.11,42.56,38.76,39.6,973550
2020-02-27,40.62,40.62,37.41,37.79,558832
2020-02-28,35.56,36.76,33.84,34.54,673314
2020-03-02,35.39,36.47,33.94,35.48,545613
2020-03-03,36.72,38.66,36.09,36.51,537488
2020-03-04,36.44,37.29,35.42,36.75,372264
2020-03-05,37.05,37.32,35.19,36.01,407499
2020-03-06,34.73,37.76,34.64,36.12,433652
2020-03-09,34.84,35.89,32.87,33.23,512193
2020-03-10,33.12,34.89,32.06,34.77,471326
2020-03-11,34.91,35.54,33.84,33.89,360455
2020-03-12,32.69,33.19,31.58,32.93,375261
2020-03-13,30.81,32.41,30.28,31.69,390207
2020-03-16,31.69,31.7,28.26,28.26,516927
2020-03-17,28.12,29.11,25.84,27.03,626852
2020-03-18,27.42,28.9,26.61,26.73,501249
2020-03-19,27.05,27.26,24.98,26.41,512285
2020-03-20,27.41,27.81,25.28,26.24,412241
2020-03-23,25.16,25.16,23.36,23.39,492446
2020-03-24,24.18,25.84,23.69,25.34,622967
2020-03-25,26.41,27.81,26.19,27.66,646323
2020-03-26,27.09,27.32,26.46,26.57,425986
2020-03-27,27.2,27.33,25.64,25.81,350373
2020-03-30,24.76,25.51,23.12,25.12,499061
2020-03-31,25.42,26.61,24.98,26.16,503256
2020-04-01,26.61,28.76,25.87,27.15,710364
2020-04-02,26.85,28.19,26.44,28.14,433887
2020-04-03,28.11,28.51,26.77,27.06,398584
2020-04-07,27.96,28.34,27.42,28.32,418950
2020-04-08,27.84,28.54,27.43,27.91,325794
2020-04-09,28.12,28.21,27.07,27.23,241822
2020-04-10,27.76,27.76,25.61,25.73,324276
2020-04-13,25.16,25.5,24.56,24.76,299542
2020-04-14,25.41,27.49,25.29,27.49,534393
2020-04-15,28.2,29.54,27.61,28.49,804094
2020-04-16,28.59,29.14,27.84,28.64,463449
2020-04-17,29.41,30.4,28.75,29.2,621749
2020-04-20,28.9,29.16,27.91,28.92,371606
2020-04-21,28.22,28.83,27.43,27.84,374274
2020-04-22,26.71,27.98,26.44,27.79,324726
2020-04-23,28.16,28.18,26.74,26.91,276437
2020-04-24,26.77,28.94,26.76,27.62,415051
2020-04-27,27.61,27.98,26.76,27.26,235849
2020-04-28,27.84,28.46,26.56,28.01,357262
2020-04-29,28.0,28.81,27.76,28.04,289642
2020-04-30,29.25,30.87,29.25,30.49,548225
2020-05-06,30.27,33.01,30.11,32.37,460042
2020-05-07,32.31,33.99,32.28,33.41,452446
2020-05-08,33.41,35.06,31.94,32.86,552863
2020-05-11,32.84,33.11,31.61,32.24,350948
2020-05-12,32.21,32.85,31.65,32.62,283031
2020-05-13,32.12,34.89,31.79,33.38,374785
2020-05-14,33.11,33.29,32.32,32.44,257080
2020-05-15,32.84,34.61,32.3,34.05,438871
2020-05-18,33.84,34.41,32.76,33.09,294064
2020-05-19,33.48,34.05,32.79,33.06,284072
2020-05-20,34.12,35.89,33.81,34.23,557206
2020-05-21,34.55,34.65,32.41,32.46,406980
2020-05-22,32.32,32.37,30.48,31.23,298570
2020-05-25,30.96,31.43,30.45,31.19,165539
2020-05-26,31.71,32.28,31.45,32.23,224568
2020-05-27,32.26,33.3,31.44,31.68,266825
2020-05-28,31.39,32.62,30.82,32.07,264658
2020-05-29,32.63,33.61,31.91,32.76,367053
2020-06-01,33.41,34.81,32.49,34.18,360679
2020-06-02,34.76,35.18,33.39,33.55,285521
2020-06-03,33.84,33.84,32.74,33.11,232245
2020-06-04,33.34,34.35,33.2,33.53,260836
2020-06-05,32.97,33.29,32.52,33.26,176777
2020-06-08,33.12,34.04,33.01,33.16,208689
2020-06-09,33.84,34.85,33.49,34.58,342356
2020-06-10,34.44,34.53,33.66,34.24,209967
2020-06-11,35.26,35.81,33.94,34.29,425260
2020-06-12,33.12,33.65,32.84,33.31,269739
2020-06-15,33.01,34.09,32.51,33.02,293354
2020-06-16,33.74,34.96,33.38,34.66,371828
2020-06-17,35.48,35.64,34.11,34.55,296275
2020-06-18,34.29,36.44,34.19,36.09,433752
2020-06-19,36.11,37.18,35.76,36.34,409587
2020-06-22,36.44,38.17,36.34,37.12,349225
2020-06-23,37.12,37.48,36.41,37.16,243153
2020-06-24,37.15,37.15,35.84,36.0,239250
2020-06-29,35.63,36.26,35.12,35.61,207282
2020-06-30,35.71,36.41,35.57,35.67,205840
2020-07-01,36.32,36.98,35.99,36.47,299385
2020-07-02,36.41,38.38,36.3,37.41,325623
2020-07-03,38.12,38.93,37.61,38.11,283036
2020-07-06,38.05,40.28,37.59,39.55,425664
2020-07-07,42.29,43.76,41.5,43.76,488352
2020-07-08,43.61,43.84,41.91,43.53,433550
2020-07-09,42.73,44.91,42.73,43.61,326012
2020-07-10,43.6,44.11,42.84,43.26,290555
2020-07-13,44.55,47.36,44.19,47.31,441317
2020-07-14,45.98,45.98,43.12,43.52,466237
2020-07-15,44.55,44.62,40.16,43.0,442625
2020-07-16,43.02,43.47,39.55,39.79,333848
2020-07-17,40.27,41.67,39.33,40.66,264824
2020-07-20,41.57,42.21,39.76,41.55,255162
2020-07-21,42.41,43.44,41.27,41.86,244339
2020-07-22,41.55,42.34,41.39,41.58,189345
2020-07-23,40.55,41.55,39.35,41.54,265443
2020-07-24,40.48,40.48,37.14,37.14,512071
2020-07-27,37.14,37.16,35.2,36.43,258139
2020-07-28,37.21,38.82,36.82,37.34,275024
2020-07-29,36.97,38.54,36.66,38.34,228562
2020-07-30,38.62,38.76,36.85,37.1,238737
2020-07-31,37.41,38.53,36.96,37.59,205252
2020-08-03,37.76,38.54,37.48,38.54,230027
2020-08-04,39.26,40.74,39.06,39.6,373733
2020-08-05,39.35,39.69,37.16,39.16,358476
2020-08-06,38.99,39.41,37.91,38.55,196502
2020-08-07,38.19,38.87,36.89,37.68,170201
2020-08-10,37.3,37.31,35.48,36.48,227260
2020-08-11,36.55,37.8,36.17,36.26,214077
2020-08-12,36.98,39.28,35.74,38.91,337282
2020-08-13,38.34,38.69,37.36,37.46,217625
2020-08-14,37.47,37.8,35.99,36.69,176140
2020-08-17,36.69,37.19,36.05,37.18,178510
2020-08-18,37.98,38.12,37.09,37.28,161558
2020-08-19,37.34,37.67,36.19,36.34,167739
2020-08-20,35.84,35.84,34.65,34.86,210683
2020-08-21,34.91,35.79,34.18,34.62,156697
2020-08-24,35.19,36.09,34.61,35.73,187622
2020-08-25,36.19,36.19,35.04,35.16,123602
2020-08-26,35.16,35.17,32.55,32.79,281691
2020-08-27,33.25,34.19,32.96,34.11,171827
2020-08-28,34.04,34.46,33.62,34.34,131118
2020-08-31,34.58,34.82,33.69,33.7,148790
2020-09-01,34.02,36.05,32.98,35.1,322523
2020-09-02,35.5,35.61,34.62,35.32,178905
2020-09-03,35.11,35.19,34.08,34.41,142105
2020-09-04,33.34,33.98,33.04,33.76,127768
2020-09-07,33.91,34.47,32.26,32.66,166046
2020-09-08,32.66,33.76,31.73,33.39,149860
2020-09-09,32.62,32.82,31.59,31.94,160519
2020-09-10,32.31,32.73,30.99,31.09,150325
2020-09-11,31.09,31.47,30.74,31.31,128038
2020-09-14,31.77,33.94,31.77,32.74,284270
2020-09-15,33.34,34.98,32.83,34.98,346546
2020-09-16,34.41,36.68,34.12,35.63,323361
2020-09-17,35.26,36.71,35.04,35.94,266433
2020-09-18,35.96,37.68,35.79,37.48,298751
2020-09-21,37.76,38.62,36.62,37.07,280652
2020-09-22,36.63,37.01,35.84,36.13,199699
2020-09-23,36.34,36.76,34.91,35.86,198832
2020-09-24,34.98,35.53,33.69,33.71,250139
2020-09-25,34.46,35.16,33.97,34.69,168758
2020-09-28,35.08,35.34,34.39,34.41,98425
2020-09-29,35.48,37.12,35.34,36.71,242829
2020-09-30,36.71,37.19,35.98,36.33,154816
2020-10-09,38.91,39.32,37.85,38.09,303776
2020-10-12,39.09,39.85,38.1,38.67,278802
2020-10-13,38.35,40.09,37.7,40.09,299942
2020-10-14,39.76,40.03,38.99,39.37,184072
2020-10-15,39.98,40.95,39.49,39.55,305706
2020-10-16,39.64,39.98,38.36,38.43,173422
2020-10-19,38.56,39.26,38.23,38.62,157351
2020-10-20,38.76,39.8,37.71,39.69,198931
2020-10-21,39.48,39.8,38.89,39.39,150351
2020-10-22,39.14,39.66,37.98,39.2,156063
2020-10-23,39.41,41.41,39.05,39.22,303447
2020-10-26,37.97,39.85,37.34,39.34,202545
2020-10-27,39.62,42.71,39.57,42.06,393215
2020-10-28,42.48,43.73,42.11,43.04,388702
2020-10-29,41.91,43.17,41.62,42.98,230564
2020-10-30,42.62,42.62,40.43,41.06,306130
2020-11-02,41.31,43.89,40.71,43.51,299450
2020-11-03,44.09,45.05,42.38,44.51,370604
2020-11-04,44.06,47.05,44.06,46.48,385721
2020-11-05,46.56,50.37,46.32,49.19,450346
2020-11-06,49.05,52.6,47.98,51.26,522905
2020-11-09,51.24,53.8,50.01,52.25,389513
2020-11-10,51.89,51.89,48.7,49.5,368859
2020-11-11,48.55,51.04,48.34,48.88,306010
2020-11-12,49.76,50.81,48.91,49.75,222057
2020-11-13,51.19,51.76,49.41,50.49,298089
2020-11-16,50.41,54.07,49.84,53.64,334060
2020-11-17,54.16,56.34,51.41,52.72,397029
2020-11-18,52.84,53.69,47.54,48.19,454760
2020-11-19,48.76,49.62,47.01,49.48,318825
2020-11-20,49.41,51.9,49.05,51.54,308886
2020-11-23,51.79,55.7,51.48,55.69,370354
2020-11-24,56.48,58.29,55.13,57.06,347210
2020-11-25,56.69,56.76,53.98,54.39,284016
2020-11-26,54.77,55.57,52.39,54.59,234536
2020-11-27,54.14,55.11,51.27,52.8,237433
2020-11-30,52.77,54.62,51.37,53.48,282881
2020-12-01,52.62,53.96,52.01,53.56,173716
2020-12-02,53.16,53.84,51.05,51.51,254916
2020-12-03,51.32,51.92,49.76,51.02,173493
2020-12-04,51.27,53.71,51.27,53.35,268703
2020-12-07,53.35,55.76,53.19,54.62,273904
2020-12-08,55.39,57.48,54.79,56.36,251595
2020-12-09,57.0,58.8,54.19,54.76,356190
2020-12-10,54.15,55.16,52.97,54.05,203631
2020-12-11,54.77,55.31,52.45,53.84,213234
2020-12-14,54.05,56.43,52.44,56.23,246306
2020-12-15,56.24,57.31,55.25,57.26,213149
2020-12-16,57.06,57.78,56.54,57.01,184620
2020-12-17,56.91,58.96,56.29,57.12,260762
2020-12-18,57.31,61.99,56.87,61.48,407664
2020-12-21,62.26,64.83,60.65,64.41,400536
2020-12-22,64.41,67.87,62.97,63.55,390768
2020-12-23,64.06,67.84,64.06,66.57,347017
2020-12-24,67.95,69.64,65.24,68.32,309192
2020-12-25,68.32,75.39,67.55,75.39,354915
2020-12-28,75.56,76.19,71.27,74.06,368202
2020-12-29,73.33,73.89,66.41,66.41,432933
2020-12-30,67.12,71.04,67.11,69.76,409468
2020-12-31,69.04,72.17,68.77,69.91,326831
2021-01-04,72.61,77.14,71.24,77.14,374294
2021-01-05,78.34,83.19,74.84,82.26,379550
2021-01-06,83.48,86.47,79.64,83.94,343217
2021-01-07,84.05,89.05,82.27,87.62,385690
2021-01-08,89.05,89.05,78.84,85.96,480102
2021-01-11,90.38,94.76,84.85,87.8,531641
2021-01-12,84.76,96.16,81.63,96.13,471087
2021-01-13,95.91,99.86,86.66,87.71,581416
2021-01-14,85.12,89.37,81.93,84.68,389890
2021-01-15,84.05,92.61,82.04,91.34,411941
2021-01-18,88.26,96.56,86.16,94.59,350485
2021-01-19,93.41,95.86,84.9,87.33,465653
2021-01-20,89.76,91.69,86.33,88.32,370385
2021-01-21,86.87,91.61,84.76,88.91,408457
2021-01-22,87.63,97.53,87.02,97.3,504771
2021-01-25,96.04,104.26,95.49,97.62,532533
2021-01-26,97.64,100.48,92.74,95.76,355277
2021-01-27,95.69,96.76,89.02,95.48,365641
2021-01-28,91.9,95.11,89.18,90.01,296477
2021-01-29,91.91,91.98,80.77,83.19,485328
2021-02-01,85.17,87.44,81.26,83.69,356135
2021-02-02,85.46,91.0,83.36,91.0,383188
2021-02-03,90.66,94.69,88.62,90.92,355624
2021-02-04,90.41,91.91,84.49,86.19,364145
2021-02-05,86.31,87.62,77.41,77.59,522934
2021-02-08,79.94,85.17,78.34,83.81,370951
2021-02-09,87.04,91.55,85.12,90.91,357745
2021-02-10,91.2,93.91,87.66,93.33,319678
2021-02-18,99.3,101.19,90.7,95.48,526549
2021-02-19,91.9,92.55,85.94,90.23,360078
2021-02-22,91.91,96.19,90.34,91.54,418027
2021-02-23,86.97,89.19,83.34,84.71,362557
2021-02-24,84.05,85.71,76.01,76.01,493488
2021-02-25,77.98,78.7,72.75,74.62,375080
2021-02-26,69.77,70.84,67.3,68.35,485916
2021-03-01,70.49,73.74,68.94,72.2,358504
2021-03-02,73.41,74.62,69.23,70.81,296923
2021-03-03,70.81,75.69,69.58,74.66,328792
2021-03-04,72.06,72.09,66.96,67.17,438575
2021-03-05,64.06,69.19,64.06,67.98,431046
2021-03-08,68.49,68.69,60.96,61.96,419544
2021-03-09,62.63,66.23,59.31,62.94,463257
2021-03-10,65.48,67.84,65.34,66.21,430095
2021-03-11,66.43,70.12,65.23,68.19,346538
2021-03-12,69.05,70.59,67.62,68.41,298448
2021-03-15,67.61,72.55,66.34,68.34,364529
2021-03-16,68.34,68.71,63.09,66.59,315513
2021-03-17,66.19,71.34,65.26,70.66,398643
2021-03-18,70.54,72.6,69.74,70.48,273817
2021-03-19,68.05,68.5,64.99,66.74,333753
2021-03-22,66.34,68.26,64.76,66.8,216487
2021-03-23,66.49,66.49,62.83,64.57,286246
2021-03-24,64.12,64.76,61.4,62.17,237676
2021-03-25,61.12,64.59,60.34,64.04,270783
2021-03-26,64.05,69.62,64.04,68.98,399192
2021-03-29,68.7,69.41,67.03,67.31,245814
2021-03-30,66.49,69.12,65.85,69.12,233354
2021-03-31,68.19,69.6,63.61,64.95,356738
2021-04-01,66.14,66.46,64.2,65.62,272691
2021-04-02,65.61,66.94,63.76,65.64,272975
2021-04-06,68.34,69.4,66.82,66.96,285918
2021-04-07,69.04,69.26,66.59,68.01,274143
2021-04-08,66.69,67.05,64.91,66.66,265502
2021-04-09,66.91,69.65,65.88,67.34,286429
2021-04-12,66.27,66.81,60.49,61.14,446904
2021-04-13,61.04,62.54,59.74,61.29,232803
2021-04-14,61.76,67.56,61.47,67.19,461204
2021-04-15,67.62,67.99,65.69,67.62,361714
2021-04-16,67.48,67.66,63.69,65.61,294687
2021-04-19,65.34,72.41,64.84,72.41,542286
2021-04-20,69.76,71.76,69.44,69.7,406427
2021-04-21,68.34,69.19,66.89,68.55,300435
2021-04-22,69.34,69.61,67.18,68.27,240087
2021-04-23,67.9,72.08,67.69,69.94,338066
2021-04-26,71.06,71.91,67.26,67.58,375206
2021-04-27,67.46,68.26,64.98,66.54,271284
2021-04-28,66.19,70.27,65.28,68.43,351509
2021-04-29,69.76,73.21,67.69,71.25,524775
2021-04-30,70.55,76.91,70.05,75.83,591101
2021-05-06,74.76,76.55,71.91,75.2,516011
2021-05-07,76.41,77.48,73.34,73.64,416168
2021-05-10,73.81,77.48,73.36,77.12,425974
2021-05-11,74.76,75.24,70.49,72.61,386236
2021-05-12,71.59,73.54,70.61,72.45,257451
2021-05-13,70.13,71.54,69.11,69.91,264488
2021-05-14,70.24,71.9,68.89,71.0,278052
2021-05-17,70.26,75.81,70.12,74.51,367325
2021-05-18,74.77,77.26,74.34,74.91,328227
2021-05-19,74.46,80.95,73.73,79.35,438931
2021-05-20,78.33,81.57,77.89,79.05,414162
2021-05-21,79.95,81.11,78.08,80.48,320050
2021-05-24,79.38,82.84,79.38,81.85,322508
2021-05-25,81.34,81.67,78.79,80.57,342362
2021-05-26,80.48,82.04,79.41,79.65,250620
2021-05-27,80.19,80.64,79.01,80.37,203038
2021-05-28,80.62,84.76,80.48,82.52,387963
2021-05-31,84.51,90.26,84.51,89.84,468464
2021-06-01,90.26,92.77,86.91,89.18,342350
2021-06-02,89.9,93.32,88.91,90.63,338330
2021-06-03,89.64,90.81,86.49,88.34,280444
2021-06-04,86.91,91.54,86.19,89.73,311226
2021-06-07,88.76,89.82,86.82,88.34,233485
2021-06-08,88.38,90.26,81.36,83.01,433683
2021-06-09,83.84,84.39,81.74,82.62,239323
2021-06-10,83.09,86.59,82.53,85.94,292533
2021-06-11,85.55,87.09,83.49,86.49,292761
2021-06-15,88.64,89.6,82.64,84.66,300173
2021-06-16,83.69,84.01,75.96,76.72,432569
2021-06-17,76.72,80.37,76.64,79.33,260718
2021-06-18,79.95,84.68,79.05,83.44,343733
2021-06-21,83.44,86.3,81.97,82.87,293169
2021-06-22,84.0,84.29,80.48,81.73,221538
2021-06-23,82.62,87.54,81.43,85.64,410818
2021-06-24,86.36,86.76,82.02,82.78,274775
2021-06-25,83.34,87.98,81.71,86.87,358788
2021-06-28,86.56,88.8,83.89,85.02,328974
2021-06-29,86.1,86.23,82.05,82.96,270191
2021-06-30,82.55,85.12,82.19,84.11,219765
2021-07-01,84.47,86.55,82.14,83.26,280923
2021-07-02,82.26,86.19,80.84,83.98,358593
2021-07-05,86.19,92.61,85.96,92.61,654933
2021-07-06,94.76,99.0,90.55,94.76,664877
2021-07-07,94.41,100.06,91.34,99.28,484647
2021-07-08,99.31,104.99,99.3,100.2,520069
2021-07-09,100.2,108.91,99.11,105.99,516151
2021-07-12,108.91,116.82,108.34,116.82,503572
2021-07-13,116.82,119.56,113.34,118.84,388430
2021-07-14,115.81,116.86,110.55,111.92,416878
2021-07-15,114.26,118.91,112.59,117.69,466657
2021-07-16,115.77,124.53,113.68,115.69,382883
2021-07-19,117.84,124.48,112.48,116.84,519008
2021-07-20,114.12,120.83,113.31,118.55,308421
2021-07-21,122.34,130.62,120.85,130.62,362369
2021-07-22,135.91,140.82,135.34,140.69,482073
2021-07-23,138.53,141.07,130.79,132.88,489666
2021-07-26,133.54,138.01,128.72,137.98,410592
2021-07-27,134.29,138.05,123.96,124.19,464429
2021-07-28,119.89,129.98,119.75,124.98,377572
2021-07-29,131.26,136.58,127.84,134.26,379331
2021-07-30,138.49,142.84,131.4,136.88,391783
2021-08-02,143.19,145.39,125.7,132.41,564706
2021-08-03,128.35,130.86,119.74,122.98,463285
2021-08-04,123.55,134.69,121.13,133.55,510360
2021-08-05,129.21,132.21,125.08,129.66,336427
2021-08-06,137.12,139.62,130.62,134.28,426688
2021-08-09,130.69,131.4,123.95,127.27,346363
2021-08-10,127.41,132.75,119.68,124.26,407862
2021-08-11,125.91,128.0,122.75,125.74,268342
2021-08-12,123.55,127.38,119.87,126.31,279220
2021-08-13,123.91,131.76,122.48,123.75,333119
2021-08-16,120.69,121.96,113.84,114.89,395374
2021-08-17,114.19,117.47,111.77,112.91,302892
2021-08-18,115.55,120.55,113.71,117.19,354981
2021-08-19,116.43,127.84,114.26,124.74,425945
2021-08-20,123.41,129.57,122.46,126.59,348808
2021-08-23,128.55,132.54,123.55,129.98,395844
2021-08-24,130.12,139.75,130.12,134.69,385482
2021-08-25,133.55,135.71,127.23,131.96,306077
2021-08-26,130.91,135.61,129.99,132.19,234557
2021-08-27,130.45,140.84,129.27,138.09,384602
2021-08-30,139.27,152.11,139.26,152.11,521667
2021-08-31,148.63,157.84,145.79,154.98,411711
2021-09-01,156.84,158.12,139.26,139.26,494485
2021-09-02,135.69,140.54,133.57,136.14,323611
2021-09-03,132.84,135.69,122.84,126.64,426272
2021-09-06,126.64,133.18,122.78,132.28,344388
2021-09-07,132.12,134.98,128.55,132.04,280156
2021-09-08,128.93,135.34,128.79,130.45,261304
2021-09-09,132.12,135.18,126.49,131.28,274722
2021-09-10,131.41,135.66,129.26,134.26,274082
2021-09-13,134.26,136.67,129.69,133.12,253568
2021-09-14,132.46,132.48,123.59,127.69,316944
2021-09-15,131.05,140.14,129.18,137.96,491249
2021-09-16,137.11,137.11,123.95,123.95,531442
2021-09-17,123.2,123.55,114.56,120.41,453998
2021-09-22,118.46,122.69,117.99,119.16,207139
2021-09-23,121.76,124.19,119.23,120.98,222558
2021-09-24,120.69,121.91,116.13,117.84,246319
2021-09-27,117.84,120.19,109.98,114.26,364524
2021-09-28,114.54,115.78,110.94,111.9,210610
2021-09-29,111.56,112.84,105.41,107.1,340449
2021-09-30,110.21,114.89,107.84,114.22,303053
2021-10-08,117.82,117.91,109.36,109.91,263374
2021-10-11,111.19,112.59,106.78,110.69,203091
2021-10-12,110.38,111.82,105.69,107.14,217429
2021-10-13,107.37,113.77,107.12,113.76,276355
2021-10-14,112.54,116.76,111.53,114.89,258481
2021-10-15,109.98,115.09,107.14,114.26,408443
2021-10-18,113.56,121.09,113.54,120.81,355567
2021-10-19,119.84,122.12,118.36,121.19,230791
2021-10-20,119.49,124.61,118.96,120.12,263681
2021-10-21,121.26,121.72,118.47,120.69,189510
2021-10-22,120.73,122.16,117.67,117.69,199328
2021-10-25,115.23,120.34,114.27,119.84,275099
2021-10-26,122.83,126.34,120.39,121.05,319212
2021-10-27,120.24,122.74,119.34,121.29,220403
2021-10-28,121.05,124.66,114.61,115.91,338275
2021-10-29,118.1,118.46,114.27,117.41,220003
2021-11-01,117.74,119.62,113.29,113.62,260362
2021-11-02,119.06,121.57,115.82,118.84,414661
2021-11-03,117.32,117.84,109.75,112.34,403846
2021-11-04,112.84,114.64,111.2,112.49,257831
2021-11-05,112.84,119.06,111.82,113.84,357538
2021-11-08,113.91,123.91,113.91,123.05,462778
2021-11-09,124.31,124.98,120.14,121.76,283459
2021-11-10,119.41,119.98,111.05,114.12,477228
2021-11-11,112.16,113.23,111.04,112.48,244641
2021-11-12,112.83,113.4,110.81,111.63,179182
2021-11-15,110.69,110.69,105.76,106.91,271873
2021-11-16,106.09,107.39,105.02,105.81,201475
2021-11-17,107.84,113.24,107.84,112.96,408554
2021-11-18,112.48,117.84,109.18,113.92,459865
2021-11-19,112.69,113.54,109.68,111.19,296465
2021-11-22,111.41,117.64,111.41,116.69,372588
2021-11-23,116.96,117.11,113.55,114.26,241435
2021-11-24,112.76,115.12,112.19,112.74,179396
2021-11-25,113.14,114.84,111.41,113.01,163067
2021-11-26,113.19,118.13,113.19,115.23,382224
2021-11-29,111.56,117.55,111.56,114.8,289112
2021-11-30,116.41,120.69,115.87,117.49,432720
2021-12-01,117.29,118.76,112.84,114.64,313972
2021-12-02,115.86,116.41,112.12,112.92,255803
2021-12-03,112.84,112.84,109.35,112.41,210031
2021-12-06,110.69,111.81,108.96,109.91,203328
2021-12-07,111.23,111.37,104.98,106.41,324023
2021-12-08,106.77,109.96,106.46,109.69,247188
2021-12-09,108.62,110.69,108.56,109.52,173172
2021-12-10,108.34,113.55,107.12,112.81,378730
2021-12-13,112.12,113.21,111.42,112.36,195357
2021-12-14,111.51,112.34,108.72,109.45,193236
2021-12-15,108.91,109.94,105.81,106.5,265398
2021-12-16,106.72,106.91,105.16,106.91,157478
2021-12-17,106.34,106.75,105.04,105.41,140512
2021-12-20,104.63,104.7,95.4,96.24,489421
2021-12-21,96.41,97.69,94.62,96.51,221604
2021-12-22,97.76,98.74,97.07,97.12,175959
2021-12-23,98.34,99.11,96.05,96.76,158359
2021-12-24,96.88,97.47,90.69,91.91,318998
2021-12-27,91.91,95.05,91.41,92.84,209635
2021-12-28,92.84,98.55,92.84,98.11,375724
2021-12-29,98.55,101.89,98.02,98.02,317934
2021-12-30,97.24,99.47,96.04,96.41,244374
2021-12-31,97.84,100.16,96.76,99.87,244341
2022-01-04,101.55,102.11,93.48,94.44,329969
2022-01-05,94.26,94.69,90.76,91.54,211289
2022-01-06,90.01,93.87,89.39,92.76,220642
2022-01-07,92.12,92.76,87.59,89.15,273938
2022-01-10,89.62,92.44,88.91,90.02,207738
2022-01-11,89.98,91.23,87.6,88.66,188190
2022-01-12,90.4,92.48,89.84,91.74,272565
2022-01-13,92.74,92.82,87.69,88.67,239163
2022-01-14,87.48,90.26,87.37,89.71,173939
2022-01-17,89.31,90.34,87.59,88.9,160108
2022-01-18,88.54,90.88,87.7,90.29,185200
2022-01-19,89.84,90.12,84.33,85.75,288732
2022-01-20,85.15,86.87,84.27,84.62,216731
2022-01-21,84.24,87.09,82.99,85.41,204529
2022-01-24,86.41,94.17,85.43,94.17,484452
2022-01-25,95.66,98.73,94.34,96.41,574849
2022-01-26,97.76,99.66,95.88,96.95,303051
2022-01-27,99.11,99.26,94.85,95.12,253801
2022-01-28,95.91,96.55,92.48,93.51,245991
2022-02-07,96.41,97.75,92.69,93.47,240513
2022-02-08,92.61,92.84,84.99,88.02,331669
2022-02-09,87.84,91.04,85.45,90.69,236139
2022-02-10,90.53,91.76,88.03,91.48,235306
2022-02-11,91.48,96.66,89.64,92.84,345632
2022-02-14,92.19,97.19,91.01,95.34,270461
2022-02-15,95.55,97.12,93.19,96.86,250354
2022-02-16,98.55,100.46,96.83,97.71,276024
2022-02-17,99.07,106.21,97.15,104.37,475842
2022-02-18,102.89,104.35,101.21,102.06,269475
2022-02-21,102.24,103.41,100.7,101.87,194995
2022-02-22,104.98,106.64,103.64,105.49,351490
2022-02-23,104.49,107.28,104.26,106.32,252293
2022-02-24,104.76,106.95,100.71,102.83,308577
2022-02-25,104.98,106.48,103.42,104.79,200346
2022-02-28,104.26,107.19,103.56,105.99,206182
2022-03-01,106.41,106.61,100.22,102.12,342385
2022-03-02,102.2,103.39,100.06,102.66,197458
2022-03-03,103.26,103.26,100.21,100.42,154867
2022-03-04,101.23,101.96,98.26,98.87,202349
2022-03-07,97.84,99.16,94.68,95.46,221839
2022-03-08,95.69,96.37,86.26,86.41,416237
2022-03-09,87.74,88.03,82.11,86.68,301298
2022-03-10,91.11,91.41,87.84,89.47,282415
2022-03-11,87.12,89.3,85.94,88.87,190059
2022-03-14,87.48,89.47,86.18,86.76,194827
2022-03-15,86.69,90.66,85.12,87.48,361124
2022-03-16,89.26,91.32,85.59,90.19,374134
2022-03-17,91.41,92.21,88.56,89.09,339764
2022-03-18,88.29,89.05,86.24,88.56,198560
2022-03-21,88.09,92.43,87.19,90.68,250664
2022-03-22,90.62,93.41,89.62,90.7,195339
2022-03-23,91.54,91.55,88.91,90.32,176526
2022-03-24,90.32,91.55,87.85,90.48,175550
2022-03-25,90.69,92.26,88.58,89.51,199601
2022-03-28,88.19,89.24,84.84,86.03,185271
2022-03-29,86.59,88.0,85.0,86.64,158361
2022-03-30,87.11,91.35,86.76,90.45,244581
2022-03-31,91.3,91.82,86.14,87.59,252473
2022-04-01,86.76,91.32,86.76,89.64,214934
2022-04-06,91.05,91.05,87.49,88.41,194625
2022-04-07,87.12,90.74,86.16,89.01,237037
2022-04-08,89.02,89.41,85.46,86.18,220131
2022-04-11,84.85,84.85,77.83,77.84,389927
2022-04-12,78.07,79.44,77.86,79.31,180446
2022-04-13,78.57,83.34,78.53,81.05,262456
2022-04-14,81.91,83.56,81.26,81.55,137310
2022-04-15,80.34,81.12,78.41,79.62,179244
2022-04-18,79.25,80.19,75.25,80.18,200948
2022-04-19,80.18,80.87,78.96,79.37,117387
2022-04-20,80.34,80.66,75.78,76.05,164396
2022-04-21,74.98,76.81,71.87,72.15,229753
2022-04-22,71.13,72.26,69.7,70.28,194513
2022-04-25,68.6,69.19,63.62,63.7,307543
2022-04-26,64.27,65.54,63.17,63.72,240788
2022-04-27,63.55,70.31,62.05,70.31,340855
2022-04-28,72.12,75.94,70.84,73.44,470776
2022-04-29,73.45,77.55,72.22,76.89,383670
2022-05-05,75.69,76.76,73.91,75.32,290945
2022-05-06,71.76,73.94,71.76,72.19,181535
2022-05-09,70.78,72.46,70.71,71.43,127576
2022-05-10,70.12,74.16,69.77,74.16,235595
2022-05-11,73.55,80.19,73.01,76.97,358231
2022-05-12,76.05,77.26,75.18,75.99,174760
2022-05-13,77.14,77.72,74.99,75.59,144534
2022-05-16,76.4,77.61,74.52,74.66,157436
2022-05-17,75.12,82.34,74.94,81.56,446805
2022-05-18,81.32,83.0,80.61,81.77,304722
2022-05-19,80.69,84.74,79.92,83.93,318521
2022-05-20,84.65,86.09,82.44,84.64,261564
2022-05-23,84.98,88.7,84.54,86.98,317848
2022-05-24,86.05,87.83,83.09,83.34,316406
2022-05-25,83.14,84.39,81.18,82.83,202952
2022-05-26,84.25,86.61,82.16,84.41,271902
2022-05-27,86.4,86.48,82.62,83.12,195113
2022-05-30,83.89,84.84,82.19,83.0,167142
2022-05-31,83.0,83.16,80.78,82.84,181603
2022-06-01,82.2,82.46,79.27,81.44,234964
2022-06-02,80.34,81.62,79.75,81.18,220804
2022-06-06,81.51,89.48,81.51,88.44,431822
2022-06-07,88.47,89.74,87.53,88.64,271096
2022-06-08,90.69,93.41,89.56,91.26,410232
2022-06-09,90.58,92.11,88.68,89.37,227067
2022-06-10,88.35,91.84,87.94,91.75,254755
2022-06-13,90.25,97.36,90.25,95.69,398083
2022-06-14,94.22,94.38,90.69,94.17,292404
2022-06-15,94.26,96.29,92.57,94.59,298884
2022-06-16,94.12,95.26,91.99,92.1,223434
2022-06-17,90.69,99.26,90.62,97.98,381587
2022-06-20,98.19,100.46,97.45,98.9,287873
2022-06-21,98.29,98.4,94.08,95.44,278302
2022-06-22,95.69,97.02,94.54,94.69,195790
2022-06-23,94.84,96.34,92.13,96.16,232975
2022-06-24,96.16,96.57,94.05,95.34,190432
2022-06-27,95.84,105.09,95.84,104.4,551322
2022-06-28,104.34,105.41,102.62,104.98,342795
2022-06-29,104.6,104.62,100.0,100.09,284924
2022-06-30,100.82,104.29,100.69,104.05,248347
2022-07-01,103.01,110.81,102.84,109.96,407118
2022-07-04,102.05,109.8,102.05,108.38,1082888
2022-07-05,108.41,111.39,104.34,107.9,801358
2022-07-06,106.33,114.91,105.17,112.06,775737
2022-07-07,111.08,111.85,108.2,111.02,530618
2022-07-08,112.55,113.55,106.05,106.53,616226
2022-07-11,105.05,105.05,97.18,99.24,653775
2022-07-12,100.15,102.03,96.55,98.53,515151
2022-07-13,96.73,100.34,94.57,99.0,511104
2022-07-14,98.05,99.68,95.75,98.46,411809
2022-07-15,97.05,102.84,96.71,98.07,443840
2022-07-18,98.75,99.85,95.43,98.3,382809
2022-07-19,98.32,99.5,96.08,96.25,346037
2022-07-20,97.15,99.05,96.11,96.49,313906
2022-07-21,96.06,96.13,91.03,91.05,556286
2022-07-22,92.05,92.33,90.05,91.25,295023
2022-07-25,91.05,91.95,89.55,89.56,249872
2022-07-26,89.57,94.05,89.57,91.84,399206
2022-07-27,91.85,91.9,89.33,90.85,209172
2022-07-28,91.57,91.76,88.73,88.87,302977
2022-07-29,89.05,89.71,87.16,87.16,252267
2022-08-01,87.25,90.33,86.67,90.25,352720
2022-08-02,88.5,88.82,85.53,86.14,388069
2022-08-03,87.65,88.72,84.62,85.09,313486
2022-08-04,86.05,88.53,85.06,87.11,292560
2022-08-05,86.85,89.23,85.42,89.0,344329
2022-08-08,88.45,90.75,87.85,89.24,299784
2022-08-09,90.02,91.05,89.12,90.44,277206
2022-08-10,90.47,91.4,87.69,88.55,259295
2022-08-11,89.06,89.55,87.3,89.54,249697
2022-08-12,89.09,92.53,89.05,89.75,271302
2022-08-15,89.37,93.03,89.31,91.83,342847
2022-08-16,91.84,92.3,90.05,90.46,245022
2022-08-17,90.15,90.46,88.06,89.17,240528
2022-08-18,88.74,90.25,88.3,88.52,188940
2022-08-19,88.05,89.44,86.91,87.14,195268
2022-08-22,87.05,92.13,85.63,91.86,502176
2022-08-23,91.75,92.42,90.05,90.97,288703
2022-08-24,91.55,92.25,87.75,87.96,318987
2022-08-25,88.35,88.65,82.08,84.09,454958
2022-08-26,84.28,90.41,83.94,87.96,525538
2022-08-29,86.9,88.52,85.78,87.84,223205
2022-08-30,88.49,89.32,86.82,88.61,226470
2022-08-31,86.85,88.53,82.58,83.75,456756
2022-09-01,83.76,84.05,81.93,82.1,234175
2022-09-02,82.85,83.03,80.25,80.91,226857
2022-09-05,79.95,80.79,78.22,79.15,294646
2022-09-06,79.65,82.24,78.88,81.62,300837
2022-09-07,80.74,83.25,80.58,82.22,238697
2022-09-08,82.37,82.54,80.6,80.64,174792
2022-09-09,81.49,82.53,80.7,82.11,222471
2022-09-13,82.93,83.63,81.53,82.53,203418
2022-09-14,81.05,83.04,80.71,81.47,221526
2022-09-15,82.25,84.33,78.7,79.13,360193
2022-09-16,77.85,77.85,74.49,76.08,280935
2022-09-19,76.09,80.58,76.05,79.23,315991
2022-09-20,80.38,83.85,79.85,81.95,384837
2022-09-21,81.11,82.27,80.72,81.13,213830
2022-09-22,80.88,81.6,79.56,80.16,165438
2022-09-23,80.05,80.48,77.07,78.31,207651
2022-09-26,77.1,79.0,76.81,77.33,180029
2022-09-27,78.06,78.43,74.42,77.01,261169
2022-09-28,76.26,76.56,73.05,73.07,238624
2022-09-29,74.55,76.35,74.25,74.81,288413
2022-09-30,74.35,74.8,72.85,72.89,193266
2022-10-10,72.85,73.0,70.25,70.3,168737
2022-10-11,71.78,73.05,70.66,72.16,190118
2022-10-12,72.01,73.6,69.9,73.6,230238
2022-10-13,72.87,73.26,71.07,71.48,207470
2022-10-14,72.66,76.13,72.27,75.35,374420
2022-10-17,76.85,78.37,75.71,77.25,452453
2022-10-18,78.63,79.01,76.89,77.25,276189
2022-10-19,77.27,79.42,76.74,76.79,292744
2022-10-20,76.05,77.55,74.83,76.5,232084
2022-10-21,76.85,76.85,74.86,75.35,183651
2022-10-24,77.02,78.65,74.83,75.7,300572
2022-10-25,76.05,78.05,72.92,78.03,323899
2022-10-26,78.56,80.33,78.15,78.62,362677
2022-10-27,79.16,80.22,78.41,78.55,275575
2022-10-28,77.31,77.34,74.43,74.69,295869
2022-10-31,75.05,79.04,74.84,77.07,359846
2022-11-01,77.09,83.81,77.09,83.81,576226
2022-11-02,82.96,84.8,82.6,84.17,380157
2022-11-03,82.45,84.55,81.94,82.75,331985
2022-11-04,83.53,89.05,82.25,87.91,636584
2022-11-07,88.73,89.72,86.65,87.42,439542
2022-11-08,87.65,88.6,85.92,88.38,306010
2022-11-09,89.84,90.48,87.16,87.24,277613
2022-11-10,85.16,85.98,82.68,83.7,360870
2022-11-11,86.76,87.75,84.95,86.05,383763
2022-11-14,86.07,86.93,82.04,82.81,405063
2022-11-15,81.3,84.03,81.21,83.84,294406
2022-11-16,83.05,83.33,81.29,81.57,262349
2022-11-17,81.05,82.24,79.43,80.85,262578
2022-11-18,80.07,80.84,78.34,78.34,287777
2022-11-21,78.05,80.36,77.3,79.85,201828
2022-11-22,80.35,80.57,77.93,78.25,176423
2022-11-23,77.75,79.16,77.21,78.5,195666
2022-11-24,79.28,79.9,77.85,78.48,195624
2022-11-25,77.81,77.84,76.29,76.33,200669
2022-11-28,74.16,75.23,73.55,75.12,197210
2022-11-29,75.12,76.68,74.6,76.11,187442
2022-11-30,75.9,80.38,75.86,79.05,354883
2022-12-01,81.55,81.57,79.2,79.22,238364
2022-12-02,79.0,79.55,78.07,78.65,167904
2022-12-05,78.86,79.38,77.15,77.66,220911
2022-12-06,76.55,79.7,75.86,78.74,247943
2022-12-07,78.21,80.98,77.93,79.44,266272
2022-12-08,79.23,80.55,78.4,78.45,213387
2022-12-09,78.4,79.75,77.65,78.76,184237
2022-12-12,78.2,78.2,76.55,76.55,206567
2022-12-13,76.71,77.84,76.02,76.05,140011
2022-12-14,75.71,76.55,75.08,75.47,133500
2022-12-15,75.06,76.73,74.38,76.27,203649
2022-12-16,75.13,75.5,72.4,73.95,302354
2022-12-19,73.57,77.55,73.51,75.11,312708
2022-12-20,75.11,75.48,72.49,72.75,186667
2022-12-21,72.58,73.45,70.95,72.41,146972
2022-12-22,72.95,73.05,70.04,70.25,201140
2022-12-23,69.55,70.83,69.05,70.11,131637
2022-12-26,70.07,71.74,69.83,71.48,127292
2022-12-27,71.57,72.28,70.8,71.68,133144
2022-12-28,70.05,70.64,68.51,70.17,209286
2022-12-29,69.65,70.9,69.33,69.34,134184
2022-12-30,70.04,70.13,67.56,67.56,230644
2023-01-03,67.35,69.19,66.61,68.96,209710
2023-01-04,68.35,68.56,66.05,66.46,253056
2023-01-05,67.04,69.3,66.61,68.08,304436
2023-01-06,67.97,70.72,67.62,69.61,303642
2023-01-09,69.9,70.63,69.64,70.33,228141
2023-01-10,69.95,71.85,69.0,71.43,304001
2023-01-11,71.01,71.53,70.11,70.11,159837
2023-01-12,70.85,72.63,70.85,71.18,224533
2023-01-13,71.44,72.45,70.67,71.59,176982
2023-01-16,71.53,73.05,70.8,72.38,209656
2023-01-17,72.55,73.23,72.15,72.83,171841
2023-01-18,73.05,76.15,72.72,73.93,262624
2023-01-19,74.43,75.54,73.13,73.83,214090
2023-01-20,73.87,77.05,73.45,76.25,370413
2023-01-30,80.14,80.93,77.05,77.3,451901
2023-01-31,77.8,77.92,76.87,76.88,200584
2023-02-01,77.56,79.02,77.26,78.53,265526
2023-02-02,78.26,78.41,77.41,77.61,196114
2023-02-03,77.76,78.03,75.55,76.55,217909
2023-02-06,75.75,75.82,74.56,75.23,195088
2023-02-07,75.27,75.83,74.86,75.26,122898
2023-02-08,76.23,81.5,76.06,79.9,711845
2023-02-09,79.6,79.84,78.4,79.67,311040
2023-02-10,79.52,79.52,76.6,76.89,334551
2023-02-13,76.22,77.25,76.05,76.67,176430
2023-02-14,76.68,77.02,75.43,75.81,213467
2023-02-15,76.04,76.47,74.59,74.73,203462
2023-02-16,74.72,75.63,72.38,73.2,247550
2023-02-17,73.23,73.58,71.93,72.04,181133
2023-02-20,69.91,71.53,68.6,71.5,285356
2023-02-21,71.03,72.54,70.33,71.95,219480
2023-02-22,71.19,71.75,70.71,70.86,152505
2023-02-23,70.65,71.52,70.56,71.3,121264
2023-02-24,71.54,72.39,70.71,71.05,154275
2023-02-27,71.35,72.26,70.74,70.98,150980
2023-02-28,70.88,70.94,69.56,70.45,169615
2023-03-01,70.16,70.59,69.55,70.3,159077
2023-03-02,70.31,70.4,69.55,69.56,132066
2023-03-03,68.95,69.75,68.65,68.98,159814
2023-03-06,68.98,69.81,67.99,69.56,190085
2023-03-07,69.36,69.63,68.29,68.33,117470
2023-03-08,68.21,68.51,67.62,68.35,104956
2023-03-09,68.35,69.71,68.07,68.73,131735
2023-03-10,67.65,68.05,66.9,67.17,159566
2023-03-13,66.75,66.97,64.74,65.35,230057
2023-03-14,65.19,65.99,63.79,65.66,260567
2023-03-15,65.71,66.61,65.13,65.13,146449
2023-03-16,64.1,64.97,62.71,63.05,204460
2023-03-17,63.81,65.33,63.55,63.93,217937
2023-03-20,63.78,65.58,62.86,65.05,223869
2023-03-21,65.05,66.54,64.67,66.4,204037
2023-03-22,66.93,67.4,65.55,66.08,195942
2023-03-23,65.35,66.3,65.23,66.09,130552
2023-03-24,65.88,66.74,65.41,65.59,163678
2023-03-27,65.41,66.12,64.55,65.79,147729
2023-03-28,65.79,66.0,64.18,64.3,161032
2023-03-29,64.33,66.15,64.33,65.17,232270
2023-03-30,65.05,65.06,63.63,64.85,204815
2023-03-31,65.04,65.93,64.25,64.52,198228
2023-04-03,64.1,67.25,63.45,66.39,354382
2023-04-04,65.81,65.98,63.57,63.89,335992
2023-04-06,63.54,63.54,61.86,62.31,252893
2023-04-07,62.27,62.69,62.01,62.24,149798
2023-04-10,62.55,63.42,62.15,63.28,197034
2023-04-11,63.05,65.01,62.31,64.99,303736
2023-04-12,64.91,64.91,63.65,63.99,158280
2023-04-13,63.6,64.5,62.69,63.24,140314
2023-04-14,63.51,68.87,63.51,67.03,603845
2023-04-17,67.03,68.33,66.65,67.34,279276
2023-04-18,67.41,69.73,67.41,68.16,357337
2023-04-19,68.57,69.04,67.25,67.93,230753
2023-04-20,67.55,67.65,65.6,66.14,233052
2023-04-21,65.95,67.29,64.7,64.81,200763
2023-04-24,64.81,67.62,63.28,65.88,288006
2023-04-25,65.85,66.15,59.15,60.12,522666
2023-04-26,59.67,63.65,57.05,61.91,353500
2023-04-27,61.91,63.94,61.6,63.73,297124
2023-04-28,63.05,64.73,62.11,63.04,238541
2023-05-04,63.91,64.85,62.41,62.78,217337
2023-05-05,62.37,62.78,61.05,61.98,139627
2023-05-08,62.7,63.05,61.22,62.05,145867
2023-05-09,62.27,62.9,60.87,60.92,158733
2023-05-10,60.91,63.84,60.7,62.83,237630
2023-05-11,62.78,64.27,62.3,63.81,200291
2023-05-12,64.71,65.54,62.5,62.65,175147
2023-05-15,63.65,68.55,63.61,68.25,597133
2023-05-16,68.26,68.3,66.73,67.13,266962
2023-05-17,66.85,67.34,65.66,66.05,185293
2023-05-18,66.07,66.27,65.06,65.99,153966
2023-05-19,65.84,65.84,64.72,65.06,144653
2023-05-22,64.72,65.25,64.21,64.94,113568
2023-05-23,64.94,65.5,63.65,63.65,154680
2023-05-24,63.65,63.94,62.16,62.16,187836
2023-05-25,61.75,61.93,60.67,61.25,173771
2023-05-26,61.03,61.04,58.75,59.6,217861
2023-05-29,60.83,61.05,58.85,59.41,181039
2023-05-30,59.41,60.15,58.28,60.14,191957
2023-05-31,59.99,60.12,58.62,60.05,145873
2023-06-01,59.74,61.43,59.43,60.15,181555
2023-06-02,60.64,62.63,60.63,62.25,268329
2023-06-05,62.35,62.83,61.37,62.71,198741
2023-06-06,62.56,62.64,61.15,61.26,126681
2023-06-07,61.51,62.15,60.1,60.35,116672
2023-06-08,60.35,62.02,60.35,61.25,139778
2023-06-09,61.19,62.76,61.13,61.96,171860
2023-06-12,61.73,61.84,60.65,61.14,118082
2023-06-13,61.54,62.04,60.95,61.26,99239
2023-06-14,61.75,62.01,60.91,60.91,134881
2023-06-15,61.05,63.32,60.05,63.05,269224
2023-06-16,63.21,63.65,62.71,63.36,176439
2023-06-19,62.89,63.34,61.8,62.0,156988
2023-06-20,61.78,62.5,61.33,61.38,123561
2023-06-21,61.11,61.94,60.08,60.21,125474
2023-06-26,59.76,60.54,58.79,59.23,126859
2023-06-27,59.45,59.95,58.45,59.47,127623
2023-06-28,59.46,59.5,58.35,58.75,105041
2023-06-29,58.71,58.71,57.79,57.79,154479
2023-06-30,57.83,59.7,57.83,59.01,165829
2023-07-03,59.07,60.14,59.05,59.44,129584
2023-07-04,60.0,60.32,59.19,59.92,115855
2023-07-05,59.96,60.25,59.55,60.04,105904
2023-07-06,59.87,59.95,58.82,58.95,106512
2023-07-07,58.82,59.21,58.57,58.95,64136
2023-07-10,59.54,60.85,59.27,60.21,139851
2023-07-11,59.88,60.44,59.4,60.27,97768
2023-07-12,60.36,60.8,59.9,59.93,96088
2023-07-13,60.33,61.0,59.79,60.21,122109
2023-07-14,60.2,60.43,59.7,60.23,142760
2023-07-17,60.15,60.15,59.47,59.61,72617
2023-07-18,59.61,59.83,58.5,59.15,118664
2023-07-19,58.98,59.45,58.61,58.82,60662
2023-07-20,58.95,60.02,58.91,58.98,112631
2023-07-21,58.55,58.55,57.01,57.49,162451
2023-07-24,57.05,57.05,54.44,54.51,277131
2023-07-25,55.35,57.27,55.22,57.17,271975
2023-07-26,57.35,58.6,57.2,57.63,173352
2023-07-27,57.57,57.96,56.98,57.02,89566
2023-07-28,56.71,58.43,56.43,58.12,154479
2023-07-31,58.46,59.6,58.24,58.88,204082
2023-08-01,58.75,59.07,58.05,58.34,95401
2023-08-02,58.25,58.27,57.49,57.64,95471
2023-08-03,57.28,58.2,57.21,57.45,89936
2023-08-04,57.65,58.24,57.29,57.32,132958
2023-08-07,57.05,57.35,56.66,57.14,72196
2023-08-08,56.85,57.24,56.46,56.75,76515
2023-08-09,56.7,56.75,56.17,56.2,75238
2023-08-10,56.35,57.06,55.93,56.51,98958
2023-08-11,56.51,56.6,55.15,55.15,100558
2023-08-14,54.6,54.93,52.43,52.66,251887
2023-08-15,52.66,52.84,51.45,51.8,135943
2023-08-16,51.79,52.21,50.71,50.71,158027
2023-08-17,50.33,50.82,49.73,50.6,136994
2023-08-18,50.6,50.77,49.05,49.05,171881
2023-08-21,48.9,49.32,48.13,48.13,141073
2023-08-22,48.78,48.96,47.35,48.29,163390
2023-08-23,48.29,48.3,46.55,46.56,156786
2023-08-24,47.24,47.68,46.73,46.96,129806
2023-08-25,46.65,46.69,45.73,45.98,126184
2023-08-28,49.04,49.04,45.86,46.04,196903
2023-08-29,45.95,47.3,45.45,47.09,175540
2023-08-30,47.65,48.13,47.05,47.33,159857
2023-08-31,46.92,47.07,45.83,46.46,167329
2023-09-01,46.45,46.85,46.16,46.54,99005
2023-09-04,46.84,48.7,46.64,48.09,263992
2023-09-05,47.88,48.49,47.7,48.34,172424
2023-09-06,48.1,48.19,47.5,47.95,114951
2023-09-07,47.83,48.0,46.67,46.7,151784
2023-09-08,46.37,46.69,45.56,45.7,107476
2023-09-11,45.35,46.56,44.85,45.95,160897
2023-09-12,46.13,48.31,46.06,46.86,254557
2023-09-13,46.61,47.17,45.88,46.11,119054
2023-09-14,46.05,46.43,45.25,45.3,112609
2023-09-15,45.53,45.64,44.55,44.55,152130
2023-09-18,44.56,47.14,44.27,46.17,282832
2023-09-19,46.05,46.05,44.76,45.1,162784
2023-09-20,44.93,44.95,44.15,44.4,114297
2023-09-21,44.13,44.54,43.71,43.95,132621
2023-09-22,44.2,44.83,43.65,44.65,190086
2023-09-25,44.35,44.42,43.64,43.93,163975
2023-09-26,44.1,44.14,42.86,42.92,179234
2023-09-27,42.69,44.54,42.64,43.67,225420
2023-09-28,43.68,44.66,43.35,43.65,217134
2023-10-09,42.76,43.43,42.12,43.1,181479
2023-10-10,43.25,44.85,42.92,43.68,278882
2023-10-11,43.98,44.12,43.37,43.49,183946
2023-10-12,43.75,47.47,43.75,47.25,639275
2023-10-13,46.85,47.2,45.87,46.3,322708
2023-10-16,46.31,46.63,44.05,44.28,307695
2023-10-17,44.47,45.01,44.06,44.41,218380
2023-10-18,44.41,44.41,43.2,43.2,194614
2023-10-19,42.7,43.11,41.8,41.84,240055
2023-10-20,41.45,45.65,41.26,44.46,571758
2023-10-23,44.41,44.41,42.14,42.71,298214
2023-10-24,42.78,44.81,42.78,43.75,340459
2023-10-25,43.95,44.15,42.8,42.94,283551
2023-10-26,42.3,42.79,41.51,42.63,274958
2023-10-27,42.25,44.89,41.85,44.61,473771
2023-10-30,44.15,45.01,44.08,44.78,262928
2023-10-31,42.65,43.33,42.05,43.33,523010
2023-11-01,42.88,42.88,42.05,42.35,220813
2023-11-02,42.2,42.52,41.64,41.68,178319
2023-11-03,41.8,42.31,41.75,42.11,163883
2023-11-06,42.17,44.2,42.17,43.99,463109
2023-11-07,43.67,43.7,42.7,43.5,235148
2023-11-08,43.34,43.93,42.9,43.29,248751
2023-11-09,43.06,44.12,43.06,43.65,291375
2023-11-10,43.67,44.41,43.31,43.86,344268
2023-11-13,43.85,44.15,43.07,43.25,235765
2023-11-14,43.2,43.48,42.45,42.73,234084
2023-11-15,43.55,44.75,43.53,44.19,556808
2023-11-16,44.05,44.23,43.31,43.32,269025
2023-11-17,42.95,43.26,42.88,43.1,188991
2023-11-20,43.31,43.42,42.47,43.05,189414
2023-11-21,43.26,43.47,42.46,42.52,225894
2023-11-22,42.22,42.28,41.42,41.43,286477
2023-11-23,41.25,41.39,40.5,41.38,210617
2023-11-24,41.38,41.38,40.85,40.89,133436
2023-11-27,40.56,40.66,39.45,39.45,252643
2023-11-28,39.05,39.46,38.65,39.33,200411
2023-11-29,39.23,39.45,38.48,38.54,186848
2023-11-30,38.34,38.43,37.55,38.05,220372
2023-12-01,37.65,38.18,36.83,37.83,291022
2023-12-04,37.49,38.44,37.36,37.98,218131
2023-12-05,37.66,39.85,37.46,38.7,448916
2023-12-06,38.45,42.33,38.35,41.38,801920
2023-12-07,41.05,41.81,40.41,41.32,401769
2023-12-08,41.8,42.01,40.86,41.2,262869
2023-12-11,41.07,41.07,39.54,40.52,276855
2023-12-12,39.95,40.84,39.72,39.82,167216
2023-12-13,39.83,39.83,38.73,38.82,183522
2023-12-14,39.48,39.75,38.49,38.52,172114
2023-12-15,38.9,40.41,38.89,39.12,339776
2023-12-18,38.68,39.71,38.02,38.15,192034
2023-12-19,38.06,38.83,37.76,38.18,163734
2023-12-20,38.43,38.46,37.65,37.65,125008
2023-12-21,37.25,38.66,37.18,38.11,203577
2023-12-22,38.05,39.94,37.26,38.92,359262
2023-12-25,39.04,39.3,38.43,38.97,163875
2023-12-26,39.43,39.63,38.53,38.95,152493
2023-12-27,38.79,38.9,37.86,38.23,163661
2023-12-28,38.03,41.81,38.02,41.42,644395
2023-12-29,41.41,42.43,41.13,41.85,373095
2024-01-02,41.65,41.74,40.72,40.72,212641
2024-01-03,40.57,41.24,40.49,40.81,154898
2024-01-04,40.61,40.67,39.59,39.77,160878
2024-01-05,40.57,42.71,39.4,41.03,502631
2024-01-08,40.7,42.83,40.61,41.72,478113
2024-01-09,41.72,42.55,40.5,42.33,427303
2024-01-10,42.25,43.43,41.43,41.92,471257
2024-01-11,41.55,44.67,41.37,43.57,623302
2024-01-12,43.23,43.63,42.39,42.53,419114
2024-01-15,42.09,42.51,41.35,41.45,260737
2024-01-16,41.29,41.95,41.01,41.59,248512
2024-01-17,41.59,41.59,40.05,40.14,252814
2024-01-18,39.86,41.3,39.68,41.25,290035
2024-01-19,41.26,42.43,40.56,40.57,285222
2024-01-22,40.15,40.52,38.73,38.97,340427
2024-01-23,38.97,39.95,38.48,39.2,207628
2024-01-24,39.38,39.65,37.59,39.03,270136
2024-01-25,38.71,39.88,38.32,39.66,248509
2024-01-26,39.13,39.93,38.86,38.86,207620
2024-01-29,39.05,39.06,36.87,36.87,287034
2024-01-30,36.45,37.19,36.01,36.01,173254
2024-01-31,35.05,35.54,32.96,33.08,389099
2024-02-01,32.86,34.43,32.73,33.69,248988
2024-02-02,33.83,34.15,31.06,32.21,273988
2024-02-05,31.92,32.33,29.85,30.67,285346
2024-02-06,30.65,33.19,30.38,33.15,292213
2024-02-07,33.33,34.02,32.61,32.95,292247
2024-02-08,33.11,34.2,32.97,33.92,269944
2024-02-19,34.04,34.64,33.65,34.23,213058
2024-02-20,33.96,34.53,33.43,34.49,194075
2024-02-21,34.06,36.06,33.88,35.2,314331
2024-02-22,34.73,35.34,34.63,35.14,169960
2024-02-23,35.22,35.81,34.93,35.59,212422
2024-02-26,35.6,36.35,35.48,35.8,251615
2024-02-27,35.52,36.48,35.45,36.47,214849
2024-02-28,37.05,38.72,36.45,36.48,524085
2024-02-29,36.49,39.42,36.49,39.1,524995
2024-03-01,39.03,39.67,38.71,39.21,314730
2024-03-04,39.48,40.4,38.76,39.07,361729
2024-03-05,38.55,38.62,37.55,37.74,289938
2024-03-06,37.32,38.06,37.0,37.54,215003
2024-03-07,37.84,38.15,36.85,36.88,221647
2024-03-08,36.87,37.55,36.45,36.81,191186
2024-03-11,37.3,39.73,37.3,39.53,500517
2024-03-12,40.43,40.65,39.13,39.6,368945
2024-03-13,39.65,39.94,38.98,39.21,214535
2024-03-14,39.06,39.73,38.18,38.46,262197
2024-03-15,38.35,38.98,37.59,38.64,259784
2024-03-18,39.04,39.4,38.6,39.06,246361
2024-03-19,38.91,39.29,38.55,38.55,182223
2024-03-20,38.55,38.9,38.26,38.64,141652
2024-03-21,38.77,38.9,38.11,38.26,133523
2024-03-22,38.05,38.25,36.62,36.63,270099
2024-03-25,36.55,36.58,35.63,35.64,173808
2024-03-26,35.74,36.54,35.21,36.18,207262
2024-03-27,36.05,36.05,34.79,34.81,161605
2024-03-28,34.81,35.56,34.81,34.98,144162
2024-03-29,34.82,35.9,34.75,35.41,143643
2024-04-01,35.49,38.48,35.49,38.42,518211
2024-04-02,38.42,38.95,37.93,38.67,374193
2024-04-03,38.61,39.35,38.08,38.94,379781
2024-04-08,38.05,39.53,37.83,38.16,342905
2024-04-09,38.16,40.61,38.06,40.5,629584
2024-04-10,40.75,40.85,39.25,39.44,352764
2024-04-11,38.95,39.46,38.26,38.78,278243
2024-04-12,38.46,38.91,37.58,37.65,266036
2024-04-15,37.4,38.74,36.96,37.82,248517
2024-04-16,37.49,37.55,35.65,35.7,268769
2024-04-17,36.05,36.92,35.85,36.63,234694
2024-04-18,36.45,37.41,35.81,36.84,246876
2024-04-19,36.45,36.56,35.56,35.95,206966
2024-04-22,35.62,36.78,35.15,35.45,172189
2024-04-23,35.46,35.55,34.55,34.81,191251
2024-04-24,32.85,33.43,32.05,32.41,443112
2024-04-25,32.24,33.77,32.18,33.08,296547
2024-04-26,32.81,33.53,32.75,33.35,213819
2024-04-29,33.4,35.85,33.38,35.64,376204
2024-04-30,35.54,36.03,34.31,34.31,275180
2024-05-06,35.5,35.88,35.15,35.42,250737
2024-05-07,35.45,35.73,35.25,35.65,156069
2024-05-08,35.78,35.78,34.83,34.88,135712
2024-05-09,35.23,36.77,35.23,36.29,323249
2024-05-10,36.35,36.37,35.44,35.7,175789
2024-05-13,35.05,35.08,34.35,34.63,152956
2024-05-14,34.84,35.1,34.36,34.51,123490
2024-05-15,34.4,34.83,33.97,34.0,113259
2024-05-16,34.0,34.25,33.56,33.6,149677
2024-05-17,33.68,34.21,32.95,34.21,161633
2024-05-20,34.35,34.95,34.23,34.49,174174
2024-05-21,34.45,34.46,33.64,33.9,129728
2024-05-22,33.89,34.69,33.76,34.53,198219
2024-05-23,34.18,34.19,33.21,33.3,200079
2024-05-24,33.16,33.38,32.85,32.85,127401
2024-05-27,32.91,33.07,32.25,32.95,118757
2024-05-28,32.94,33.2,32.43,32.59,100935
2024-05-29,32.52,33.54,32.36,33.07,151649
2024-05-30,33.38,33.9,33.09,33.18,155437
2024-05-31,33.25,33.33,32.68,32.68,118786
2024-06-03,32.45,32.59,32.06,32.41,132707
2024-06-04,32.41,32.62,31.96,32.56,107433
2024-06-05,32.35,32.73,32.05,32.09,117355
2024-06-06,32.25,33.34,32.05,32.1,181752
2024-06-07,32.09,32.25,30.95,31.29,192311
2024-06-11,30.98,31.2,30.57,30.99,112454
2024-06-12,30.97,31.12,30.62,31.12,114957
2024-06-13,31.13,31.36,30.66,30.73,103864
2024-06-14,30.69,30.8,30.03,30.6,165633
2024-06-17,30.3,31.1,30.25,30.71,131721
2024-06-18,30.71,31.1,30.37,30.9,124896
2024-06-19,30.94,30.95,30.05,30.06,128337
2024-06-20,30.02,30.09,28.9,28.93,181018
2024-06-21,28.76,28.93,27.98,28.3,171284
2024-06-24,27.87,28.15,27.52,27.61,151301
2024-06-25,27.45,27.65,26.95,27.12,130742
2024-06-26,27.25,29.25,26.82,29.25,303380
2024-06-27,29.01,29.06,28.25,28.29,169260
2024-06-28,28.3,28.52,27.6,27.7,143381
2024-07-01,27.3,27.92,27.12,27.88,113325
2024-07-02,27.98,28.34,27.56,27.56,112706
2024-07-03,27.65,28.85,27.55,28.52,200143
2024-07-04,28.5,28.75,28.0,28.06,130893
2024-07-05,27.95,28.12,27.45,27.96,106256
2024-07-08,27.45,27.5,26.56,26.66,171860
2024-07-09,26.4,26.77,26.07,26.28,179185
2024-07-10,25.83,28.25,25.67,26.87,320499
2024-07-11,27.14,28.74,27.1,28.24,368242
2024-07-12,28.07,28.43,27.82,27.92,181516
2024-07-15,27.75,28.0,27.52,27.63,104931
2024-07-16,27.62,28.4,27.56,27.85,181359
2024-07-17,27.95,28.19,27.69,27.76,150922
2024-07-18,27.56,27.87,27.2,27.77,148878
2024-07-19,27.77,28.27,27.04,27.97,210506
2024-07-22,27.8,28.45,27.77,28.07,186976
2024-07-23,28.15,28.24,26.97,26.97,158163
2024-07-24,27.08,27.12,26.4,26.51,120448
2024-07-25,26.2,27.7,26.15,27.14,201089
2024-07-26,27.15,28.49,27.15,27.85,204513
2024-07-29,27.8,27.8,26.7,26.7,183765
2024-07-30,26.6,26.62,26.16,26.52,119131
2024-07-31,26.61,27.98,26.35,27.98,268360
2024-08-01,27.95,28.06,27.25,27.35,163119
2024-08-02,27.05,27.6,27.02,27.07,113716
2024-08-05,26.95,28.28,26.85,26.85,224713
2024-08-06,27.24,28.07,27.18,27.73,236742
2024-08-07,27.52,27.61,27.1,27.15,157695
2024-08-08,27.15,27.4,26.83,27.16,119515
2024-08-09,27.27,27.43,26.75,26.75,122343
2024-08-12,26.87,26.95,26.41,26.47,84069
2024-08-13,26.46,27.17,26.09,27.01,134546
2024-08-14,26.83,27.4,26.43,26.44,108073
2024-08-15,26.22,26.68,25.82,26.42,144731
2024-08-16,26.4,26.79,26.17,26.2,116975
2024-08-19,26.13,26.71,25.91,26.39,106535
2024-08-20,26.55,27.41,26.46,26.82,290413
2024-08-21,26.46,27.71,26.15,27.25,303272
2024-08-22,27.32,27.39,26.35,26.35,179641
2024-08-23,26.16,26.33,25.26,25.37,200062
2024-08-26,25.38,26.8,25.38,26.24,245000
2024-08-27,26.24,26.32,25.55,25.89,142168
2024-08-28,25.73,25.84,25.31,25.82,110291
2024-08-29,25.62,26.51,25.19,26.24,192044
2024-08-30,26.15,27.69,26.06,27.18,382958
2024-09-02,27.04,27.43,25.95,25.95,222978
2024-09-03,25.95,27.12,25.57,26.45,251319
2024-09-04,26.33,26.82,26.16,26.2,178096
2024-09-05,26.2,27.21,26.13,26.55,200815
2024-09-06,26.47,26.63,26.04,26.07,111650
2024-09-09,25.86,26.26,25.36,25.55,173039
2024-09-10,25.72,25.74,24.75,25.16,193840
2024-09-11,25.84,27.69,25.52,27.69,741377
2024-09-12,27.61,28.03,26.85,26.91,502732
2024-09-13,26.77,27.15,25.37,25.43,427550
2024-09-18,25.35,25.54,24.84,25.25,214723
2024-09-19,25.38,25.93,24.92,25.61,233519
2024-09-20,25.57,25.57,25.1,25.34,154799
2024-09-23,25.31,25.7,25.11,25.43,134212
2024-09-24,25.75,27.4,25.57,27.36,551895
2024-09-25,27.65,28.2,27.3,27.36,465520
2024-09-26,27.21,28.39,27.1,28.38,355619
2024-09-27,29.11,31.23,29.08,31.19,753939
2024-09-30,33.27,34.32,32.23,34.32,970730
2024-10-08,37.77,37.77,35.11,37.77,1029147
2024-10-09,36.85,37.66,33.98,33.98,820357
2024-10-10,33.85,34.76,33.21,33.39,491288
2024-10-11,32.98,33.15,31.0,31.45,406956
2024-10-14,31.46,31.94,30.67,31.81,339181
2024-10-15,31.65,31.78,30.67,30.7,279839
2024-10-16,29.95,30.64,29.92,30.14,240819
2024-10-17,30.75,30.82,29.74,29.81,234246
2024-10-18,29.65,31.54,29.52,30.81,478304
2024-10-21,30.99,32.07,30.79,31.47,467736
2024-10-22,31.52,32.34,31.11,32.32,346578
2024-10-23,32.35,33.51,31.65,33.0,551239
2024-10-24,32.73,32.85,31.67,31.82,316292
2024-10-25,31.87,34.34,31.87,33.75,658725
2024-10-28,33.75,34.15,33.18,34.11,412191
2024-10-29,34.33,34.95,33.1,33.16,361975
2024-10-30,32.79,33.08,32.16,32.38,280325
2024-10-31,32.75,33.91,32.67,33.83,467439
2024-11-01,33.54,35.33,33.2,33.97,611703
2024-11-04,34.0,34.53,33.36,34.46,361414
2024-11-05,34.4,36.05,34.21,35.92,568087
2024-11-06,35.95,37.73,35.51,35.9,713965
2024-11-07,35.32,35.99,35.12,35.98,425856
2024-11-08,36.7,37.74,35.75,35.85,498730
2024-11-11,35.85,39.45,35.76,39.45,1003022
2024-11-12,40.35,43.41,40.24,41.8,1523303
2024-11-13,43.06,44.59,41.03,44.33,1366016
2024-11-14,43.73,45.15,41.26,41.46,1074431
2024-11-15,40.85,41.0,38.64,38.78,764483
2024-11-18,38.72,39.4,37.3,37.68,527234
2024-11-19,38.3,41.46,37.84,41.46,560950
2024-11-20,42.85,44.5,42.43,43.21,1309765
2024-11-21,42.63,43.45,41.96,42.64,732057
2024-11-22,41.97,43.73,40.85,40.93,739076
2024-11-25,40.93,42.85,40.93,42.52,754829
2024-11-26,42.2,42.2,39.9,39.9,599000
2024-11-27,39.39,41.04,38.89,40.99,475294
2024-11-28,40.55,41.69,40.36,40.84,403528
2024-11-29,40.67,42.84,40.5,41.9,522864
2024-12-02,41.75,42.55,41.49,41.92,367593
2024-12-03,42.16,42.45,40.92,41.26,305184
2024-12-04,41.06,41.54,39.73,39.94,355207
2024-12-05,39.55,39.94,39.24,39.72,280099
2024-12-06,39.65,40.81,38.76,40.14,365865
2024-12-09,39.85,40.04,39.0,39.38,234304
2024-12-10,40.83,41.06,38.63,38.8,403900
2024-12-11,38.53,39.02,38.45,38.69,198892
2024-12-12,38.47,39.85,38.3,39.47,304972
2024-12-13,39.05,39.11,38.03,38.07,275737
2024-12-16,38.07,38.26,36.88,37.13,268465
2024-12-17,37.13,37.51,36.73,36.83,230572
2024-12-18,37.0,37.14,36.39,36.53,203619
2024-12-19,36.03,36.45,35.76,36.28,223632
2024-12-20,36.45,37.48,36.2,36.95,271027
2024-12-23,36.97,37.3,36.26,36.35,183832
2024-12-24,36.54,37.4,36.45,37.08,246647
2024-12-25,36.91,37.06,35.8,36.02,189832
2024-12-26,35.88,36.3,35.83,35.87,150938
2024-12-27,35.87,36.49,35.63,35.81,189271
2024-12-30,35.59,36.35,35.45,36.23,197887
2024-12-31,36.15,36.28,34.75,34.86,227054
2025-01-02,34.87,35.1,33.6,33.92,234615
2025-01-03,33.9,34.35,32.82,32.9,232317
2025-01-06,33.51,34.44,33.33,33.7,290234
2025-01-07,33.46,34.84,33.32,34.6,244760
2025-01-08,34.26,34.51,33.23,33.84,200629
2025-01-09,33.81,34.11,33.6,33.98,145864
2025-01-10,33.9,34.23,32.99,32.99,142911
2025-01-13,32.95,34.55,32.78,34.19,280026
2025-01-14,34.19,34.96,33.95,34.85,294839
2025-01-15,34.65,35.4,34.07,34.72,294689
2025-01-16,34.85,35.61,34.5,34.91,234811
2025-01-17,34.99,36.24,34.99,35.39,283752
2025-01-20,35.4,35.76,35.16,35.33,214994
2025-01-21,35.63,35.63,34.35,34.48,203076
2025-01-22,34.26,34.26,33.37,33.64,181563
2025-01-23,34.05,34.48,33.44,33.45,180078
2025-01-24,33.4,33.61,33.09,33.45,185839
2025-01-27,33.38,34.19,32.92,32.93,210620
2025-02-05,32.8,33.25,32.53,32.85,184917
2025-02-06,32.8,34.78,32.31,34.51,357321
2025-02-07,34.33,35.37,34.25,34.95,322355
2025-02-10,34.95,35.83,34.75,35.73,337647
2025-02-11,35.63,35.63,34.28,34.35,294477
2025-02-12,34.21,37.25,34.1,36.07,465117
2025-02-13,35.91,36.91,35.52,35.58,328049
2025-02-14,36.13,36.78,35.73,35.86,272151
2025-02-17,35.87,35.95,35.03,35.26,265212
2025-02-18,35.65,36.22,35.05,35.23,349840
2025-02-19,35.15,35.6,34.73,35.54,244625
2025-02-20,35.37,35.89,34.97,35.22,203556
2025-02-21,35.22,35.88,35.15,35.66,326974
2025-02-24,35.66,35.95,35.03,35.35,287566
2025-02-25,35.0,36.31,34.87,35.34,342145
2025-02-26,35.21,35.94,35.2,35.76,278249
2025-02-27,35.76,37.17,35.55,36.74,567579
2025-02-28,36.85,37.37,35.94,36.23,567353
2025-03-03,36.7,38.73,36.67,38.45,796637
2025-03-04,37.85,37.85,36.85,37.46,478986
2025-03-05,37.45,37.84,36.47,36.79,327542
2025-03-06,37.1,37.5,36.66,37.35,366201
2025-03-07,37.45,38.11,36.59,36.76,381611
2025-03-10,36.76,37.1,36.21,36.46,258367
2025-03-11,35.91,36.34,35.7,36.34,211505
2025-03-12,36.37,36.59,35.97,36.05,182688
2025-03-13,36.0,36.4,35.75,35.95,206133
2025-03-14,36.15,36.65,36.04,36.58,263327
2025-03-17,36.73,37.33,36.36,37.0,274924
2025-03-18,37.18,37.3,36.56,36.77,225130
2025-03-19,36.55,36.64,36.07,36.26,193243
2025-03-20,35.86,36.06,35.6,35.64,203782
2025-03-21,35.58,35.76,34.5,34.6,244751
2025-03-24,34.62,34.73,34.08,34.65,162337
2025-03-25,34.66,34.97,34.4,34.75,125709
2025-03-26,34.75,34.91,34.57,34.71,105393
2025-03-27,34.45,34.79,34.05,34.41,123460
2025-03-28,34.41,34.59,33.73,33.77,136604
2025-03-31,33.65,34.02,33.16,33.68,148015
2025-04-01,33.68,34.05,33.57,33.85,115612
2025-04-02,33.85,34.0,33.61,33.79,98967
2025-04-03,33.52,33.91,33.36,33.55,94610
2025-04-07,30.41,31.74,30.18,30.18,259121
2025-04-08,29.39,30.43,28.74,29.35,286897
2025-04-09,28.6,29.88,27.85,29.76,253478
2025-04-10,30.96,31.2,30.51,30.67,217642
2025-04-11,30.3,30.92,30.22,30.65,170529
2025-04-14,31.1,31.33,30.9,31.05,146968
2025-04-15,31.12,31.34,30.9,30.95,100079
2025-04-16,30.93,31.0,30.11,30.52,131618
2025-04-17,30.25,30.64,30.19,30.29,82925
2025-04-18,30.29,30.58,29.85,30.52,90181
2025-04-21,30.38,30.75,30.22,30.74,91499
2025-04-22,30.56,30.7,30.21,30.22,126277
2025-04-23,30.3,30.53,29.81,30.19,142748
2025-04-24,30.83,31.56,30.49,30.58,347302
2025-04-25,30.36,30.56,30.05,30.16,182269
2025-04-28,30.13,30.13,29.68,29.82,124604
2025-04-29,29.75,30.13,29.66,30.03,95077
2025-04-30,29.71,30.07,29.58,29.8,150300
2025-05-06,29.81,30.57,29.81,30.57,171635
2025-05-07,30.87,31.09,30.25,30.47,147409
2025-05-08,30.34,31.15,30.23,30.83,159053
2025-05-09,30.85,30.91,30.38,30.52,101022
2025-05-12,31.0,31.43,30.75,31.43,231186
2025-05-13,31.46,32.05,31.3,31.58,214402
2025-05-14,31.55,32.14,31.42,32.0,210685
2025-05-15,31.85,31.85,31.03,31.04,163642
2025-05-16,30.85,31.16,30.77,30.83,109922
2025-05-19,30.63,30.74,30.32,30.74,99454
2025-05-20,30.78,31.0,30.53,30.9,97582
2025-05-21,30.9,31.76,30.76,31.38,246486
2025-05-22,31.16,32.0,31.08,31.25,165398
2025-05-23,31.12,32.25,31.06,31.28,276788
2025-05-26,30.85,31.25,30.36,30.44,170501
2025-05-27,30.42,31.35,30.36,30.72,147221
2025-05-28,30.55,30.65,29.95,30.01,136328
2025-05-29,29.87,30.5,29.84,30.45,124223
2025-05-30,30.4,30.4,29.98,30.03,95094
2025-06-03,29.81,30.32,29.76,29.98,107838
2025-06-04,30.13,31.07,30.04,31.07,261567
2025-06-05,30.95,31.25,30.77,31.09,121114
2025-06-06,31.12,31.35,30.96,31.04,102329
2025-06-09,31.15,31.51,30.95,31.27,132881
2025-06-10,31.28,31.61,30.75,31.0,148559
2025-06-11,31.0,32.15,30.92,31.73,288377
2025-06-12,31.58,31.85,31.38,31.75,157367
2025-06-13,31.52,31.93,31.16,31.27,168440
2025-06-16,31.05,31.15,30.78,31.0,120409
2025-06-17,31.05,31.59,30.89,31.12,146377
2025-06-18,31.18,31.35,30.63,30.99,121261
2025-06-19,30.9,31.95,30.77,30.97,230777
2025-06-20,30.85,31.48,30.45,30.45,186963
2025-06-23,30.25,31.38,30.13,31.37,245552
2025-06-24,31.45,32.82,31.37,32.55,412980
2025-06-25,32.65,33.0,32.41,32.82,338844
2025-06-26,32.82,34.81,32.71,33.35,564030
2025-06-27,33.84,34.78,33.76,34.0,445295
2025-06-30,34.0,34.14,33.36,33.62,274457
2025-07-01,33.41,33.49,32.76,33.41,245534
2025-07-02,33.4,34.7,33.08,34.38,478831
2025-07-03,34.54,35.48,34.14,34.97,480250
2025-07-04,34.66,34.84,34.11,34.18,288278
2025-07-07,34.05,34.44,33.77,34.09,165655
2025-07-08,34.11,35.23,34.11,34.86,297747
2025-07-09,34.86,35.04,34.3,34.38,195285
2025-07-10,34.2,34.64,34.04,34.48,172218
2025-07-11,34.66,35.13,34.25,34.32,297106
2025-07-14,35.05,36.14,35.05,35.24,425608
2025-07-15,34.67,35.15,33.86,34.33,340742
2025-07-16,34.25,34.31,33.65,33.81,202377
2025-07-17,33.98,35.18,33.74,34.96,347065
2025-07-18,35.13,36.3,35.13,35.95,474086
2025-07-21,36.1,36.35,35.78,36.18,287050
2025-07-22,36.17,37.04,35.87,36.78,417305
2025-07-23,37.15,37.94,36.4,36.48,583833
2025-07-24,36.04,39.98,36.02,39.4,972292
2025-07-25,39.69,40.33,39.01,39.43,769553
2025-07-28,38.3,39.07,37.71,38.28,551669
2025-07-29,37.96,38.6,37.8,38.12,325971
2025-07-30,38.4,38.62,37.01,37.36,375603
2025-07-31,36.94,37.04,35.8,36.0,435508
2025-08-01,36.1,36.58,35.81,36.18,269188
2025-08-04,36.01,36.16,35.36,35.91,266853
2025-08-05,36.09,36.18,35.73,35.9,187348
2025-08-06,35.85,35.99,35.63,35.97,214471
2025-08-07,36.13,36.52,35.16,36.46,507088
2025-08-08,36.43,37.29,36.0,36.83,477619
2025-08-11,39.0,40.51,38.08,40.51,1018953
2025-08-12,40.0,41.04,38.66,39.45,1026183
2025-08-13,39.36,39.66,38.69,38.93,545793
2025-08-14,38.88,39.15,37.77,37.92,435646
2025-08-15,37.75,38.93,37.71,38.76,378661
2025-08-18,39.78,40.31,39.1,39.34,487514
2025-08-19,39.01,39.57,38.77,38.95,300058
2025-08-20,38.13,38.93,37.96,38.59,375148
2025-08-21,38.37,38.85,38.03,38.17,281918
2025-08-22,38.0,38.65,37.95,38.3,304999
2025-08-25,38.59,39.7,38.59,39.26,540093
2025-08-26,39.03,39.58,38.52,39.11,431529
2025-08-27,39.39,40.15,38.0,38.21,596782
2025-08-28,38.0,38.57,37.2,38.39,482207
2025-08-29,38.39,40.5,38.39,39.92,735723
2025-09-01,40.38,40.88,39.74,40.67,663042
2025-09-02,40.71,41.18,39.5,39.9,516672
2025-09-03,40.04,41.48,39.62,40.03,619594
2025-09-04,40.01,41.75,39.33,40.55,868273
2025-09-05,40.55,44.61,40.02,44.61,1346412
2025-09-08,46.48,48.83,45.2,48.65,1739187
2025-09-09,47.5,51.03,47.31,48.9,1577105
2025-09-10,46.45,48.48,46.45,47.05,1182046
2025-09-11,46.58,47.99,45.97,47.25,860169
2025-09-12,47.51,47.79,46.28,46.57,799464
2025-09-15,47.0,50.14,47.0,48.66,1053068
2025-09-16,48.68,49.4,47.42,48.3,699693
2025-09-17,47.9,51.15,47.2,49.95,951092
2025-09-18,49.64,50.11,47.2,48.02,983379
2025-09-19,48.75,52.82,48.6,52.82,1524282
2025-09-22,53.0,53.35,51.0,52.54,1277233
2025-09-23,52.5,54.88,51.6,53.14,1208487
2025-09-24,52.6,57.13,51.82,54.92,1213877
2025-09-25,55.5,58.88,55.21,55.73,1271509
2025-09-26,55.51,56.41,54.2,54.25,929073
2025-09-29,55.0,58.98,55.0,58.5,1189542
2025-09-30,58.51,61.0,57.51,60.88,1124083
2025-10-09,63.2,66.97,62.7,66.97,1292159
2025-10-10,67.0,69.3,62.78,63.93,1561771
2025-10-13,59.2,70.0,59.2,69.75,1373612
2025-10-14,69.75,72.74,67.66,68.52,1291349
2025-10-15,68.54,70.95,62.8,66.18,1266979
2025-10-16,65.01,67.07,63.8,64.96,827269
2025-10-17,65.0,66.3,60.75,60.96,1000319
2025-10-20,62.0,62.9,60.0,60.69,814318
2025-10-21,61.33,62.0,60.15,61.59,648708
2025-10-22,60.51,61.8,59.11,60.78,605161
2025-10-23,60.51,64.43,60.03,64.16,1019631
2025-10-24,64.48,66.46,63.89,64.3,948208
2025-10-27,65.0,66.3,64.5,65.53,784589
2025-10-28,65.15,66.19,63.8,64.68,713765
2025-10-29,65.57,69.66,65.01,68.7,1107316
2025-10-30,69.17,75.0,68.2,72.37,1462921
2025-10-31,72.0,75.0,69.0,69.02,1337082
2025-11-03,70.49,70.8,66.5,68.32,907979
2025-11-04,68.1,69.0,65.45,66.15,694754
2025-11-05,64.0,68.17,63.5,66.8,873801
2025-11-06,66.8,70.2,66.66,70.02,960360
2025-11-07,70.2,71.45,68.5,69.99,928244
2025-11-10,71.32,73.66,68.65,69.36,1187506
2025-11-11,70.0,71.0,67.42,67.74,771369
2025-11-12,66.89,68.98,65.0,67.88,682032
2025-11-13,67.85,73.25,67.85,72.38,1277148
2025-11-14,71.3,72.15,68.88,68.89,782209
2025-11-17,71.0,74.42,70.99,74.04,1300038
2025-11-18,74.08,74.98,69.4,69.92,1203886
2025-11-19,70.98,74.81,70.5,72.62,1231024
2025-11-20,72.52,76.19,71.01,71.27,1080134
2025-11-21,67.0,67.3,64.14,64.14,963724
2025-11-24,62.0,63.0,57.73,58.65,1203578
2025-11-25,59.02,61.58,58.02,60.9,961064
2025-11-26,61.6,62.58,60.22,61.13,698171
2025-11-27,60.3,62.99,60.3,61.27,536735
2025-11-28,61.01,63.6,61.0,62.55,608574
2025-12-01,63.3,64.0,62.03,62.55,521222
2025-12-02,61.93,62.44,60.7,61.47,397715
2025-12-03,61.7,61.97,59.52,59.86,460776
2025-12-04,59.55,60.69,59.14,59.82,343889
2025-12-05,59.3,60.0,58.76,59.68,356950
2025-12-08,59.7,63.3,59.7,62.99,695400
2025-12-09,62.57,63.7,61.51,62.5,468475
2025-12-10,62.7,64.36,61.16,63.33,586004
2025-12-11,63.65,64.97,62.85,62.99,557736
2025-12-12,64.0,64.31,60.39,61.3,672202
2025-12-15,60.6,61.52,59.2,60.2,434653
2025-12-16,60.2,60.8,58.68,60.0,431907
2025-12-17,61.5,63.15,60.91,62.99,755242
2025-12-18,62.21,64.3,61.97,62.49,603467
2025-12-19,62.65,64.65,61.68,64.18,746635
2025-12-22,64.85,66.0,64.2,65.27,729737
2025-12-23,65.27,67.37,64.85,66.36,694992
2025-12-24,66.81,67.86,65.94,66.79,614449
2025-12-25,65.38,66.66,64.41,66.13,583275
2025-12-26,67.75,69.78,67.27,68.57,786200
2025-12-29,68.88,68.88,65.25,65.32,684785
2025-12-30,62.25,65.56,61.75,64.15,870274
2025-12-31,64.15,64.38,62.18,62.89,515255
