Date,NINGDE_Close,BYD_Close
2020-01-02,45.92,13.21
2020-01-03,47.05,13.17
2020-01-06,46.8,13.25
2020-01-07,46.47,13.17
2020-01-08,47.08,12.92
2020-01-09,50.08,13.04
2020-01-10,49.14,12.8
2020-01-13,51.13,14.36
2020-01-14,50.47,14.97
2020-01-15,50.25,14.93
2020-01-16,50.86,15.19
2020-01-17,50.12,16.47
2020-01-20,54.63,16.74
2020-01-21,53.77,16.06
2020-01-22,60.53,16.91
2020-01-23,58.73,17.1
2020-02-03,61.39,15.11
2020-02-04,68.91,15.94
2020-02-05,77.18,17.43
2020-02-06,80.57,17.41
2020-02-07,75.19,16.46
2020-02-10,78.0,17.47
2020-02-11,74.19,16.84
2020-02-12,74.88,16.89
2020-02-13,73.05,16.34
2020-02-14,69.47,16.12
2020-02-17,71.8,16.65
2020-02-18,73.2,16.98
2020-02-19,71.3,17.79
2020-02-20,75.08,19.86
2020-02-21,75.02,19.66
2020-02-24,71.97,19.22
2020-02-25,76.11,20.77
2020-02-26,71.11,21.06
2020-02-27,69.23,20.51
2020-02-28,61.56,18.95
2020-03-02,63.96,19.44
2020-03-03,67.18,19.78
2020-03-04,66.02,19.35
2020-03-05,66.87,19.43
2020-03-06,65.92,18.94
2020-03-09,60.33,16.97
2020-03-10,64.26,17.21
2020-03-11,64.4,16.74
2020-03-12,60.75,16.17
2020-03-13,59.58,15.71
2020-03-16,52.33,15.12
2020-03-17,51.72,14.84
2020-03-18,51.38,14.52
2020-03-19,50.1,14.28
2020-03-20,50.56,14.66
2020-03-23,45.9,13.21
2020-03-24,48.17,13.73
2020-03-25,53.41,14.57
2020-03-26,52.65,15.25
2020-03-27,52.14,15.42
2020-03-30,52.47,15.9
2020-03-31,53.07,17.15
2020-04-01,53.08,16.2
2020-04-02,54.86,16.02
2020-04-03,53.41,15.49
2020-04-07,55.47,15.93
2020-04-08,54.52,15.6
2020-04-09,52.97,15.71
2020-04-10,52.0,15.35
2020-04-13,49.91,15.76
2020-04-14,56.28,16.46
2020-04-15,57.3,17.2
2020-04-16,60.05,17.16
2020-04-17,62.27,16.76
2020-04-20,60.92,16.78
2020-04-21,58.7,16.95
2020-04-22,58.88,16.97
2020-04-23,58.36,16.57
2020-04-24,59.35,16.73
2020-04-27,60.58,16.15
2020-04-28,63.02,16.15
2020-04-29,63.26,16.49
2020-04-30,66.4,17.14
2020-05-06,67.18,17.88
2020-05-07,65.75,17.19
2020-05-08,66.23,17.08
2020-05-11,62.65,16.78
2020-05-12,63.41,16.87
2020-05-13,63.0,16.82
2020-05-14,61.52,16.39
2020-05-15,67.01,16.48
2020-05-18,64.97,16.22
2020-05-19,65.78,16.56
2020-05-20,69.13,16.83
2020-05-21,68.11,16.21
2020-05-22,65.53,15.83
2020-05-25,66.36,16.0
2020-05-26,69.54,16.59
2020-05-27,70.36,16.26
2020-05-28,68.32,16.32
2020-05-29,67.04,16.29
2020-06-01,70.05,16.93
2020-06-02,69.22,17.49
2020-06-03,68.69,17.13
2020-06-04,69.65,17.19
2020-06-05,70.31,18.22
2020-06-08,70.42,18.09
2020-06-09,71.85,17.82
2020-06-10,73.36,17.51
2020-06-11,77.41,18.1
2020-06-12,74.81,17.65
2020-06-15,73.92,17.99
2020-06-16,75.2,18.52
2020-06-17,73.98,18.53
2020-06-18,74.62,19.4
2020-06-19,78.48,19.49
2020-06-22,77.98,19.82
2020-06-23,80.14,20.83
2020-06-24,81.59,21.06
2020-06-29,81.33,20.69
2020-06-30,83.18,21.09
2020-07-01,80.42,21.31
2020-07-02,79.2,21.2
2020-07-03,79.42,23.61
2020-07-06,85.09,24.12
2020-07-07,94.97,24.82
2020-07-08,96.07,24.74
2020-07-09,100.21,25.31
2020-07-10,99.59,26.82
2020-07-13,110.82,29.79
2020-07-14,106.28,29.34
2020-07-15,101.33,28.66
2020-07-16,95.63,25.51
2020-07-17,95.03,24.35
2020-07-20,100.37,26.21
2020-07-21,101.31,26.52
2020-07-22,101.81,26.22
2020-07-23,104.92,26.82
2020-07-24,96.69,24.82
2020-07-27,92.59,25.0
2020-07-28,96.05,25.13
2020-07-29,99.75,26.13
2020-07-30,100.4,25.49
2020-07-31,104.18,25.62
2020-08-03,106.09,25.88
2020-08-04,103.36,26.82
2020-08-05,103.17,26.54
2020-08-06,103.81,26.73
2020-08-07,99.81,25.62
2020-08-10,97.8,24.48
2020-08-11,96.55,24.16
2020-08-12,95.05,24.48
2020-08-13,95.2,24.42
2020-08-14,97.63,24.47
2020-08-17,95.55,24.8
2020-08-18,97.02,24.57
2020-08-19,91.97,23.73
2020-08-20,90.99,23.36
2020-08-21,93.11,23.7
2020-08-24,98.54,24.32
2020-08-25,97.38,24.26
2020-08-26,94.31,24.98
2020-08-27,100.17,25.65
2020-08-28,102.03,25.64
2020-08-31,100.95,25.51
2020-09-01,105.34,28.34
2020-09-02,103.71,28.61
2020-09-03,102.92,28.04
2020-09-04,99.79,27.18
2020-09-07,89.87,28.76
2020-09-08,90.15,27.51
2020-09-09,88.71,25.84
2020-09-10,89.07,26.21
2020-09-11,90.37,27.58
2020-09-14,93.41,28.01
2020-09-15,94.48,30.94
2020-09-16,93.12,32.31
2020-09-17,96.53,35.82
2020-09-18,96.33,35.68
2020-09-21,96.27,32.43
2020-09-22,97.7,32.77
2020-09-23,95.76,33.98
2020-09-24,92.32,32.64
2020-09-25,92.7,32.21
2020-09-28,93.48,32.64
2020-09-29,100.2,33.14
2020-09-30,102.53,35.92
2020-10-09,111.24,37.29
2020-10-12,116.75,40.01
2020-10-13,117.24,40.27
2020-10-14,118.15,40.68
2020-10-15,118.87,41.03
2020-10-16,113.03,39.78
2020-10-19,113.76,39.87
2020-10-20,120.53,43.84
2020-10-21,115.38,43.01
2020-10-22,115.13,45.11
2020-10-23,111.31,43.4
2020-10-26,115.84,43.83
2020-10-27,118.1,43.94
2020-10-28,119.79,47.71
2020-10-29,119.65,49.97
2020-10-30,123.63,50.45
2020-11-02,130.83,53.17
2020-11-03,128.55,51.87
2020-11-04,128.28,53.19
2020-11-05,135.48,58.79
2020-11-06,132.7,60.66
2020-11-09,134.33,60.83
2020-11-10,134.05,58.04
2020-11-11,125.67,51.96
2020-11-12,127.56,53.62
2020-11-13,126.98,55.81
2020-11-16,127.92,53.85
2020-11-17,125.58,52.84
2020-11-18,119.92,52.84
2020-11-19,120.81,51.05
2020-11-20,126.36,55.86
2020-11-23,126.87,58.58
2020-11-24,127.81,58.57
2020-11-25,123.1,58.35
2020-11-26,122.61,55.78
2020-11-27,120.76,55.21
2020-11-30,121.2,54.56
2020-12-01,123.07,56.11
2020-12-02,121.7,53.76
2020-12-03,122.97,54.21
2020-12-04,125.05,54.46
2020-12-07,131.57,55.61
2020-12-08,134.11,56.5
2020-12-09,134.09,54.92
2020-12-10,133.43,53.68
2020-12-11,134.4,52.84
2020-12-14,134.09,53.91
2020-12-15,141.03,55.41
2020-12-16,145.23,54.47
2020-12-17,144.54,54.44
2020-12-18,147.42,55.84
2020-12-21,166.87,61.71
2020-12-22,160.56,58.51
2020-12-23,162.98,59.44
2020-12-24,159.09,58.18
2020-12-25,160.08,58.92
2020-12-28,162.3,59.82
2020-12-29,157.42,56.71
2020-12-30,175.2,59.18
2020-12-31,181.37,61.94
2021-01-04,210.81,66.1
2021-01-05,209.65,70.48
2021-01-06,212.3,69.28
2021-01-07,215.88,72.19
2021-01-08,211.03,73.01
2021-01-11,202.98,75.46
2021-01-12,209.18,76.17
2021-01-13,200.2,76.94
2021-01-14,191.32,71.83
2021-01-15,197.73,72.24
2021-01-18,199.59,71.07
2021-01-19,189.71,69.24
2021-01-20,203.76,71.18
2021-01-21,203.7,75.68
2021-01-22,212.98,78.15
2021-01-25,206.84,83.84
2021-01-26,200.48,81.92
2021-01-27,203.27,82.84
2021-01-28,191.81,78.63
2021-01-29,183.04,79.51
2021-02-01,180.94,79.47
2021-02-02,190.65,86.34
2021-02-03,197.97,84.84
2021-02-04,202.15,83.81
2021-02-05,193.78,80.18
2021-02-08,210.76,80.58
2021-02-09,214.2,82.84
2021-02-10,215.57,86.16
2021-02-18,206.87,83.51
2021-02-19,201.59,82.96
2021-02-22,194.65,77.02
2021-02-23,195.5,72.18
2021-02-24,179.09,66.84
2021-02-25,173.59,66.93
2021-02-26,165.33,62.93
2021-03-01,177.76,67.48
2021-03-02,180.53,67.64
2021-03-03,180.55,67.09
2021-03-04,167.18,63.34
2021-03-05,164.09,62.63
2021-03-08,155.76,56.09
2021-03-09,152.98,54.07
2021-03-10,161.03,56.24
2021-03-11,170.36,58.17
2021-03-12,176.01,57.74
2021-03-15,159.81,55.26
2021-03-16,165.76,56.0
2021-03-17,171.31,56.14
2021-03-18,172.87,56.69
2021-03-19,162.15,54.23
2021-03-22,157.31,55.11
2021-03-23,155.15,53.5
2021-03-24,146.75,51.42
2021-03-25,148.28,50.91
2021-03-26,160.55,54.17
2021-03-29,159.42,53.21
2021-03-30,163.52,53.51
2021-03-31,165.3,52.01
2021-04-01,169.64,53.53
2021-04-02,170.98,55.8
2021-04-06,167.31,55.87
2021-04-07,164.09,54.17
2021-04-08,164.01,54.0
2021-04-09,159.65,52.75
2021-04-12,161.32,51.66
2021-04-13,166.73,51.85
2021-04-14,178.53,54.16
2021-04-15,173.53,52.34
2021-04-16,171.78,52.28
2021-04-19,188.53,55.86
2021-04-20,185.76,54.26
2021-04-21,183.92,53.37
2021-04-22,187.62,53.41
2021-04-23,192.7,53.59
2021-04-26,180.2,53.01
2021-04-27,179.98,52.16
2021-04-28,190.22,52.34
2021-04-29,197.42,51.49
2021-04-30,201.96,50.03
2021-05-06,199.65,47.18
2021-05-07,190.36,45.16
2021-05-10,190.87,46.18
2021-05-11,189.98,46.03
2021-05-12,187.15,48.42
2021-05-13,181.37,46.84
2021-05-14,185.76,48.35
2021-05-17,193.63,50.44
2021-05-18,191.37,50.08
2021-05-19,194.67,54.77
2021-05-20,196.17,54.82
2021-05-21,194.96,54.91
2021-05-24,201.85,55.0
2021-05-25,206.05,56.02
2021-05-26,200.43,55.9
2021-05-27,199.65,56.33
2021-05-28,213.87,57.74
2021-05-31,227.48,56.74
2021-06-01,222.61,60.33
2021-06-02,222.15,59.34
2021-06-03,216.75,58.48
2021-06-04,226.43,60.31
2021-06-07,212.7,60.63
2021-06-08,213.86,64.78
2021-06-09,213.74,64.51
2021-06-10,227.77,68.55
2021-06-11,237.41,72.85
2021-06-15,233.53,74.62
2021-06-16,219.75,67.51
2021-06-17,227.71,74.54
2021-06-18,236.31,78.84
2021-06-21,237.87,78.04
2021-06-22,236.44,76.47
2021-06-23,246.56,78.28
2021-06-24,245.92,78.81
2021-06-25,250.88,78.84
2021-06-28,260.7,81.72
2021-06-29,268.82,81.61
2021-06-30,283.42,80.84
2021-07-01,280.48,76.04
2021-07-02,274.97,76.86
2021-07-05,274.93,80.36
2021-07-06,272.68,80.68
2021-07-07,287.83,82.21
2021-07-08,297.09,81.16
2021-07-09,289.71,80.12
2021-07-12,300.77,86.0
2021-07-13,299.23,85.54
2021-07-14,292.76,78.94
2021-07-15,302.0,75.98
2021-07-16,281.45,71.48
2021-07-19,277.28,71.83
2021-07-20,279.8,73.01
2021-07-21,295.21,77.59
2021-07-22,295.93,80.16
2021-07-23,290.34,83.4
2021-07-26,286.32,80.03
2021-07-27,261.45,76.75
2021-07-28,278.14,76.01
2021-07-29,295.78,82.91
2021-07-30,292.22,85.41
2021-08-02,293.11,94.24
2021-08-03,281.45,90.54
2021-08-04,302.56,99.87
2021-08-05,295.89,97.0
2021-08-06,288.6,98.39
2021-08-09,273.11,95.08
2021-08-10,270.06,94.56
2021-08-11,273.81,95.56
2021-08-12,265.33,100.22
2021-08-13,265.36,97.23
2021-08-16,251.45,92.36
2021-08-17,253.11,90.66
2021-08-18,261.45,91.78
2021-08-19,265.89,95.13
2021-08-20,260.95,92.26
2021-08-23,276.39,93.83
2021-08-24,277.0,96.64
2021-08-25,281.02,95.96
2021-08-26,275.89,91.39
2021-08-27,268.39,93.28
2021-08-30,267.13,91.22
2021-08-31,261.37,89.56
2021-09-01,257.95,85.99
2021-09-02,260.61,86.23
2021-09-03,256.72,81.93
2021-09-06,273.17,89.76
2021-09-07,272.01,89.21
2021-09-08,265.89,87.09
2021-09-09,268.22,87.8
2021-09-10,265.39,85.76
2021-09-13,265.78,84.35
2021-09-14,280.83,86.97
2021-09-15,278.31,84.28
2021-09-16,263.11,80.89
2021-09-17,265.89,82.27
2021-09-22,260.51,79.63
2021-09-23,260.33,80.53
2021-09-24,264.21,81.15
2021-09-27,271.72,81.39
2021-09-28,264.46,79.51
2021-09-29,265.62,75.89
2021-09-30,278.52,80.4
2021-10-08,283.11,81.56
2021-10-11,275.89,82.48
2021-10-12,267.0,82.9
2021-10-13,276.59,87.63
2021-10-14,282.17,88.21
2021-10-15,302.56,91.67
2021-10-18,317.01,92.53
2021-10-19,314.56,92.16
2021-10-20,313.95,94.09
2021-10-21,317.56,92.9
2021-10-22,320.56,97.23
2021-10-25,325.76,103.01
2021-10-26,318.66,103.56
2021-10-27,328.13,104.47
2021-10-28,323.78,99.89
2021-10-29,341.57,101.0
2021-11-01,347.56,97.89
2021-11-02,352.0,101.85
2021-11-03,342.0,98.23
2021-11-04,345.81,105.56
2021-11-05,338.72,101.89
2021-11-08,353.56,102.23
2021-11-09,354.93,104.12
2021-11-10,346.45,100.65
2021-11-11,350.81,101.22
2021-11-12,342.56,99.49
2021-11-15,330.89,95.54
2021-11-16,328.1,95.06
2021-11-17,334.16,96.18
2021-11-18,334.22,95.69
2021-11-19,341.45,96.17
2021-11-22,364.78,100.89
2021-11-23,359.78,100.05
2021-11-24,352.45,98.29
2021-11-25,349.78,96.56
2021-11-26,352.0,96.45
2021-11-29,364.11,98.71
2021-11-30,364.22,98.79
2021-12-01,359.78,99.0
2021-12-02,368.67,100.16
2021-12-03,368.11,99.53
2021-12-06,351.6,97.81
2021-12-07,335.89,95.49
2021-12-08,341.45,97.49
2021-12-09,338.56,97.06
2021-12-10,341.97,97.7
2021-12-13,352.2,96.69
2021-12-14,348.12,95.03
2021-12-15,347.0,95.01
2021-12-16,350.37,92.63
2021-12-17,348.22,90.22
2021-12-20,325.45,87.39
2021-12-21,322.04,89.3
2021-12-22,325.47,90.3
2021-12-23,332.04,90.56
2021-12-24,306.89,87.23
2021-12-27,307.89,86.24
2021-12-28,311.45,87.51
2021-12-29,306.2,86.89
2021-12-30,314.22,86.27
2021-12-31,313.11,86.6
2022-01-04,302.49,87.56
2022-01-05,290.61,81.65
2022-01-06,287.26,80.57
2022-01-07,286.39,79.39
2022-01-10,285.56,79.33
2022-01-11,284.61,76.92
2022-01-12,300.36,82.56
2022-01-13,300.33,82.33
2022-01-14,307.22,81.61
2022-01-17,323.58,86.06
2022-01-18,312.45,85.92
2022-01-19,303.11,81.55
2022-01-20,302.63,80.92
2022-01-21,302.83,80.69
2022-01-24,309.22,81.03
2022-01-25,300.67,77.33
2022-01-26,312.83,80.39
2022-01-27,305.88,77.65
2022-01-28,315.67,72.83
2022-02-07,308.36,78.69
2022-02-08,286.92,76.22
2022-02-09,290.45,78.95
2022-02-10,274.28,77.27
2022-02-11,258.66,73.96
2022-02-14,268.67,74.55
2022-02-15,279.22,76.66
2022-02-16,281.33,77.43
2022-02-17,283.67,79.03
2022-02-18,279.5,78.21
2022-02-21,269.78,77.86
2022-02-22,266.45,76.38
2022-02-23,274.78,81.23
2022-02-24,268.5,78.85
2022-02-25,280.22,79.84
2022-02-28,282.76,80.43
2022-03-01,284.32,81.15
2022-03-02,271.91,80.09
2022-03-03,271.44,78.96
2022-03-04,259.66,75.16
2022-03-07,239.16,71.76
2022-03-08,239.47,69.29
2022-03-09,249.48,71.76
2022-03-10,259.12,73.59
2022-03-11,260.64,73.84
2022-03-14,243.67,70.23
2022-03-15,243.78,68.16
2022-03-16,265.95,73.7
2022-03-17,277.83,75.53
2022-03-18,270.06,75.39
2022-03-21,275.33,79.02
2022-03-22,271.45,78.83
2022-03-23,272.72,79.62
2022-03-24,272.0,79.59
2022-03-25,265.37,75.66
2022-03-28,257.0,74.03
2022-03-29,256.95,74.23
2022-03-30,274.78,76.23
2022-03-31,271.06,73.83
2022-04-01,274.72,75.88
2022-04-06,268.76,77.86
2022-04-07,261.57,77.23
2022-04-08,261.45,78.55
2022-04-11,241.45,74.89
2022-04-12,248.67,76.61
2022-04-13,245.33,76.23
2022-04-14,241.89,77.66
2022-04-15,236.92,75.96
2022-04-18,237.0,76.93
2022-04-19,231.03,78.85
2022-04-20,212.56,77.82
2022-04-21,213.73,75.24
2022-04-22,217.19,75.69
2022-04-25,203.17,73.06
2022-04-26,195.89,74.5
2022-04-27,212.58,75.56
2022-04-28,201.72,74.55
2022-04-29,213.86,78.23
2022-05-05,195.33,80.16
2022-05-06,195.33,77.92
2022-05-09,191.17,74.8
2022-05-10,197.1,75.0
2022-05-11,214.08,81.46
2022-05-12,210.62,81.92
2022-05-13,216.89,87.25
2022-05-16,212.56,86.27
2022-05-17,221.2,91.39
2022-05-18,219.22,91.03
2022-05-19,219.22,92.06
2022-05-20,223.61,93.13
2022-05-23,217.95,95.63
2022-05-24,209.8,90.89
2022-05-25,208.1,92.96
2022-05-26,203.12,92.77
2022-05-27,205.56,93.52
2022-05-30,209.67,96.6
2022-05-31,213.11,95.86
2022-06-01,222.57,97.22
2022-06-02,229.11,97.57
2022-06-06,245.33,103.3
2022-06-07,241.45,102.19
2022-06-08,242.0,106.36
2022-06-09,226.08,104.7
2022-06-10,238.67,113.49
2022-06-13,232.57,113.49
2022-06-14,231.9,111.76
2022-06-15,245.15,108.89
2022-06-16,242.17,109.23
2022-06-17,256.48,109.89
2022-06-20,267.85,111.29
2022-06-21,268.58,110.89
2022-06-22,268.11,110.52
2022-06-23,284.76,115.06
2022-06-24,299.5,114.24
2022-06-27,291.45,113.79
2022-06-28,288.67,114.86
2022-06-29,282.3,107.76
2022-06-30,283.11,108.39
2022-07-01,276.8,106.96
2022-07-04,276.45,109.28
2022-07-05,277.48,108.52
2022-07-06,276.45,109.26
2022-07-07,292.0,113.69
2022-07-08,287.0,109.89
2022-07-11,274.5,105.33
2022-07-12,266.27,100.23
2022-07-13,285.89,100.52
2022-07-14,295.34,104.89
2022-07-15,282.56,109.96
2022-07-18,292.92,109.59
2022-07-19,277.9,107.59
2022-07-20,278.67,107.79
2022-07-21,275.89,105.39
2022-07-22,282.0,107.1
2022-07-25,276.31,104.88
2022-07-26,276.45,105.56
2022-07-27,272.67,105.83
2022-07-28,272.89,105.7
2022-07-29,269.0,104.05
2022-08-01,283.62,107.44
2022-08-02,277.48,106.13
2022-08-03,266.45,104.59
2022-08-04,264.72,106.2
2022-08-05,267.36,105.43
2022-08-08,265.06,104.38
2022-08-09,270.65,103.84
2022-08-10,266.43,100.05
2022-08-11,269.78,102.27
2022-08-12,265.33,101.24
2022-08-15,273.17,102.33
2022-08-16,277.45,103.57
2022-08-17,290.33,106.57
2022-08-18,289.11,105.94
2022-08-19,282.0,103.73
2022-08-22,292.85,104.96
2022-08-23,295.83,104.47
2022-08-24,277.56,100.43
2022-08-25,272.0,100.46
2022-08-26,267.99,102.51
2022-08-29,265.33,101.78
2022-08-30,259.5,100.88
2022-08-31,254.78,93.26
2022-09-01,246.19,92.83
2022-09-02,245.48,91.26
2022-09-05,246.65,86.85
2022-09-06,239.33,88.24
2022-09-07,249.73,91.5
2022-09-08,236.17,90.02
2022-09-09,237.68,90.5
2022-09-13,240.28,92.2
2022-09-14,227.72,90.04
2022-09-15,216.64,87.1
2022-09-16,214.22,85.92
2022-09-19,216.26,87.38
2022-09-20,220.34,88.67
2022-09-21,219.95,87.26
2022-09-22,217.0,86.78
2022-09-23,218.3,86.06
2022-09-26,224.59,88.25
2022-09-27,225.06,88.58
2022-09-28,218.36,85.8
2022-09-29,219.59,85.45
2022-09-30,209.52,81.27
2022-10-10,205.06,81.0
2022-10-11,218.09,82.27
2022-10-12,230.05,84.71
2022-10-13,226.81,83.32
2022-10-14,229.54,85.44
2022-10-17,225.34,84.15
2022-10-18,225.44,88.49
2022-10-19,226.44,86.43
2022-10-20,217.36,85.1
2022-10-21,216.25,86.03
2022-10-24,211.26,82.45
2022-10-25,209.97,83.23
2022-10-26,209.62,83.22
2022-10-27,203.64,82.26
2022-10-28,189.86,77.23
2022-10-31,193.96,79.49
2022-11-01,201.36,84.54
2022-11-02,204.31,86.45
2022-11-03,200.21,86.59
2022-11-04,211.47,90.66
2022-11-07,214.86,90.22
2022-11-08,214.47,89.4
2022-11-09,207.4,87.14
2022-11-10,200.86,84.02
2022-11-11,210.41,86.86
2022-11-14,201.91,85.19
2022-11-15,206.91,86.26
2022-11-16,200.18,84.29
2022-11-17,195.21,82.93
2022-11-18,198.36,82.16
2022-11-21,199.25,82.0
2022-11-22,195.14,80.76
2022-11-23,197.65,81.1
2022-11-24,196.04,80.39
2022-11-25,193.59,78.95
2022-11-28,192.54,78.97
2022-11-29,196.75,80.03
2022-11-30,200.7,83.77
2022-12-01,206.39,86.15
2022-12-02,204.52,84.62
2022-12-05,204.76,85.05
2022-12-06,209.04,86.46
2022-12-07,219.2,88.51
2022-12-08,220.4,88.69
2022-12-09,222.7,88.83
2022-12-12,217.0,87.22
2022-12-13,212.04,87.2
2022-12-14,210.31,86.06
2022-12-15,222.25,87.75
2022-12-16,219.04,87.43
2022-12-19,220.36,86.1
2022-12-20,214.32,84.46
2022-12-21,212.82,84.2
2022-12-22,210.14,83.66
2022-12-23,208.19,81.32
2022-12-26,211.21,84.74
2022-12-27,211.01,84.64
2022-12-28,205.7,82.14
2022-12-29,205.67,82.18
2022-12-30,205.37,82.92
2023-01-03,203.27,84.09
2023-01-04,200.15,83.63
2023-01-05,213.2,85.62
2023-01-06,218.29,86.0
2023-01-09,218.25,85.06
2023-01-10,226.81,86.13
2023-01-11,224.51,86.93
2023-01-12,227.64,89.7
2023-01-13,230.97,90.12
2023-01-16,234.94,88.53
2023-01-17,234.37,87.26
2023-01-18,235.97,86.93
2023-01-19,235.01,87.43
2023-01-20,237.92,87.29
2023-01-30,248.28,91.26
2023-01-31,245.25,92.53
2023-02-01,251.7,98.71
2023-02-02,245.75,98.14
2023-02-03,240.25,95.6
2023-02-06,237.14,93.92
2023-02-07,235.75,93.6
2023-02-08,235.26,92.48
2023-02-09,238.47,93.37
2023-02-10,234.56,91.22
2023-02-13,242.36,91.37
2023-02-14,237.39,91.25
2023-02-15,236.03,90.26
2023-02-16,233.03,89.6
2023-02-17,220.25,87.82
2023-02-20,220.4,88.2
2023-02-21,217.37,88.85
2023-02-22,214.29,87.4
2023-02-23,216.38,87.41
2023-02-24,212.03,86.46
2023-02-27,209.64,83.87
2023-02-28,211.2,84.2
2023-03-01,215.57,85.76
2023-03-02,209.47,85.17
2023-03-03,210.32,85.19
2023-03-06,213.71,85.35
2023-03-07,210.25,84.16
2023-03-08,207.77,82.93
2023-03-09,207.37,82.62
2023-03-10,212.25,78.31
2023-03-13,204.59,77.43
2023-03-14,201.94,77.26
2023-03-15,202.36,76.8
2023-03-16,200.76,75.53
2023-03-17,195.69,76.57
2023-03-20,197.89,75.79
2023-03-21,205.57,77.1
2023-03-22,208.59,78.33
2023-03-23,208.13,79.09
2023-03-24,205.46,79.27
2023-03-27,207.09,78.48
2023-03-28,204.92,78.93
2023-03-29,209.13,79.83
2023-03-30,209.09,83.0
2023-03-31,212.39,82.6
2023-04-03,208.31,82.57
2023-04-04,202.36,80.9
2023-04-06,202.37,80.6
2023-04-07,203.76,80.36
2023-04-10,210.15,80.93
2023-04-11,209.0,80.54
2023-04-12,204.59,78.4
2023-04-13,202.51,78.2
2023-04-14,207.52,79.28
2023-04-17,213.41,80.41
2023-04-18,214.03,80.26
2023-04-19,214.79,80.88
2023-04-20,206.81,78.94
2023-04-21,211.8,78.26
2023-04-24,207.3,81.76
2023-04-25,201.2,78.7
2023-04-26,212.71,80.93
2023-04-27,219.21,83.57
2023-04-28,219.06,82.55
2023-05-04,213.73,81.44
2023-05-05,215.21,80.62
2023-05-08,219.02,81.94
2023-05-09,214.04,80.63
2023-05-10,220.73,83.86
2023-05-11,228.61,85.18
2023-05-12,226.19,83.96
2023-05-15,226.5,85.56
2023-05-16,227.21,85.64
2023-05-17,228.21,84.26
2023-05-18,220.61,83.62
2023-05-19,218.21,83.66
2023-05-22,218.51,85.63
2023-05-23,213.63,84.91
2023-05-24,213.46,84.57
2023-05-25,212.3,82.46
2023-05-26,208.21,79.59
2023-05-29,205.27,78.91
2023-05-30,213.2,81.33
2023-05-31,209.38,81.82
2023-06-01,211.11,82.41
2023-06-02,216.65,83.62
2023-06-05,208.01,83.37
2023-06-06,207.49,84.22
2023-06-07,195.51,82.78
2023-06-08,196.22,82.26
2023-06-09,200.25,83.26
2023-06-12,200.16,84.1
2023-06-13,201.31,84.34
2023-06-14,201.61,84.93
2023-06-15,219.09,87.89
2023-06-16,219.31,87.62
2023-06-19,216.09,87.0
2023-06-20,216.21,86.68
2023-06-21,213.12,86.52
2023-06-26,213.38,84.89
2023-06-27,211.68,83.95
2023-06-28,212.71,84.01
2023-06-29,210.71,82.5
2023-06-30,217.0,83.35
2023-07-03,218.09,86.42
2023-07-04,217.46,87.76
2023-07-05,215.72,86.26
2023-07-06,213.06,86.63
2023-07-07,210.46,85.4
2023-07-10,217.01,85.11
2023-07-11,217.3,87.04
2023-07-12,215.2,85.8
2023-07-13,218.21,86.54
2023-07-14,216.49,85.4
2023-07-17,213.86,85.43
2023-07-18,213.71,85.76
2023-07-19,207.71,85.54
2023-07-20,209.26,85.58
2023-07-21,209.8,85.37
2023-07-24,207.19,83.1
2023-07-25,214.56,85.46
2023-07-26,214.87,84.63
2023-07-27,215.19,84.47
2023-07-28,218.26,86.64
2023-07-31,225.96,88.31
2023-08-01,223.71,87.14
2023-08-02,224.71,86.98
2023-08-03,227.35,87.05
2023-08-04,233.72,87.08
2023-08-07,234.7,86.64
2023-08-08,235.35,85.41
2023-08-09,235.21,85.28
2023-08-10,234.71,85.21
2023-08-11,229.71,84.06
2023-08-14,221.11,79.58
2023-08-15,219.51,79.16
2023-08-16,220.81,79.04
2023-08-17,223.46,79.65
2023-08-18,224.08,77.74
2023-08-21,221.17,75.78
2023-08-22,218.96,75.82
2023-08-23,215.71,74.34
2023-08-24,217.16,75.94
2023-08-25,216.55,75.18
2023-08-28,218.71,76.15
2023-08-29,226.71,79.88
2023-08-30,225.71,80.91
2023-08-31,224.76,80.78
2023-09-01,224.61,80.68
2023-09-04,225.86,81.79
2023-09-05,225.03,80.65
2023-09-06,222.63,81.13
2023-09-07,214.72,80.44
2023-09-08,211.15,78.99
2023-09-11,209.74,79.98
2023-09-12,206.14,81.64
2023-09-13,204.81,81.49
2023-09-14,203.14,78.85
2023-09-15,195.97,79.07
2023-09-18,201.27,80.1
2023-09-19,200.53,80.03
2023-09-20,198.11,78.98
2023-09-21,194.94,77.54
2023-09-22,199.14,79.33
2023-09-25,197.49,79.58
2023-09-26,192.71,77.14
2023-09-27,191.87,76.92
2023-09-28,191.24,76.54
2023-10-09,183.71,76.97
2023-10-10,182.93,76.95
2023-10-11,182.98,77.17
2023-10-12,184.15,79.13
2023-10-13,178.81,77.76
2023-10-16,172.97,76.81
2023-10-17,173.65,76.98
2023-10-18,174.51,80.67
2023-10-19,170.91,77.84
2023-10-20,169.21,77.38
2023-10-23,165.47,77.19
2023-10-24,164.63,76.16
2023-10-25,164.19,76.78
2023-10-26,166.28,77.18
2023-10-27,172.93,78.29
2023-10-30,176.23,79.18
2023-10-31,173.81,77.16
2023-11-01,175.75,76.38
2023-11-02,173.78,75.91
2023-11-03,175.65,77.19
2023-11-06,185.29,78.61
2023-11-07,179.45,77.97
2023-11-08,180.05,77.64
2023-11-09,179.66,77.41
2023-11-10,177.24,76.63
2023-11-13,176.06,76.68
2023-11-14,171.89,76.85
2023-11-15,172.69,77.19
2023-11-16,169.36,77.08
2023-11-17,168.94,76.56
2023-11-20,168.51,75.98
2023-11-21,168.82,75.71
2023-11-22,165.21,74.31
2023-11-23,165.91,73.92
2023-11-24,163.21,69.93
2023-11-27,158.91,67.28
2023-11-28,160.13,67.61
2023-11-29,155.06,64.97
2023-11-30,155.21,64.03
2023-12-01,153.71,63.33
2023-12-04,149.86,63.11
2023-12-05,147.02,63.09
2023-12-06,151.09,64.71
2023-12-07,152.7,64.13
2023-12-08,151.8,63.83
2023-12-11,153.56,64.04
2023-12-12,151.84,63.09
2023-12-13,147.56,61.58
2023-12-14,144.84,61.37
2023-12-15,143.21,62.07
2023-12-18,135.18,60.66
2023-12-19,137.21,60.31
2023-12-20,136.66,59.27
2023-12-21,142.6,60.87
2023-12-22,144.5,61.73
2023-12-25,145.75,61.7
2023-12-26,144.34,61.56
2023-12-27,142.54,61.46
2023-12-28,151.2,63.66
2023-12-29,151.47,63.64
2024-01-02,145.04,61.84
2024-01-03,144.01,62.03
2024-01-04,139.41,61.98
2024-01-05,139.11,61.87
2024-01-08,138.21,60.78
2024-01-09,136.91,61.93
2024-01-10,138.87,61.07
2024-01-11,143.03,63.24
2024-01-12,142.84,62.93
2024-01-15,139.91,62.51
2024-01-16,145.16,62.74
2024-01-17,140.45,59.91
2024-01-18,142.82,61.14
2024-01-19,143.11,60.76
2024-01-22,143.87,59.42
2024-01-23,142.12,60.26
2024-01-24,141.69,60.54
2024-01-25,143.21,60.94
2024-01-26,138.21,59.6
2024-01-29,135.23,57.12
2024-01-30,128.96,54.97
2024-01-31,139.8,54.55
2024-02-01,137.23,54.61
2024-02-02,134.21,53.31
2024-02-05,140.15,53.64
2024-02-06,146.54,56.27
2024-02-07,147.81,57.5
2024-02-08,151.05,58.03
2024-02-19,148.3,58.81
2024-02-20,146.54,57.32
2024-02-21,149.41,58.64
2024-02-22,148.56,58.64
2024-02-23,148.71,58.54
2024-02-26,144.21,59.64
2024-02-27,146.04,62.21
2024-02-28,145.22,60.31
2024-02-29,151.72,61.38
2024-03-01,152.76,61.7
2024-03-04,152.11,60.73
2024-03-05,152.86,61.25
2024-03-06,151.85,61.53
2024-03-07,148.36,60.61
2024-03-08,146.21,60.34
2024-03-11,169.06,63.89
2024-03-12,174.05,66.01
2024-03-13,173.39,66.43
2024-03-14,172.02,68.34
2024-03-15,169.21,67.47
2024-03-18,179.17,70.32
2024-03-19,175.46,69.91
2024-03-20,177.69,70.47
2024-03-21,177.29,70.63
2024-03-22,174.72,69.96
2024-03-25,173.01,69.04
2024-03-26,180.01,70.84
2024-03-27,176.21,68.3
2024-03-28,176.99,67.1
2024-03-29,178.37,65.33
2024-04-01,186.05,68.31
2024-04-02,187.91,68.42
2024-04-03,185.86,67.03
2024-04-08,182.81,68.31
2024-04-09,184.21,68.34
2024-04-10,180.95,68.26
2024-04-11,180.81,68.64
2024-04-12,176.6,67.84
2024-04-15,185.35,68.85
2024-04-16,185.36,68.19
2024-04-17,184.2,68.64
2024-04-18,183.77,68.84
2024-04-19,179.01,67.69
2024-04-22,178.81,67.16
2024-04-23,178.14,65.99
2024-04-24,177.81,66.78
2024-04-25,181.41,67.29
2024-04-26,186.69,70.77
2024-04-29,197.84,71.44
2024-04-30,195.84,70.48
2024-05-06,200.22,73.08
2024-05-07,200.12,74.27
2024-05-08,196.47,73.05
2024-05-09,202.64,73.69
2024-05-10,196.74,73.58
2024-05-13,192.59,72.88
2024-05-14,192.25,72.61
2024-05-15,191.13,70.69
2024-05-16,192.91,70.41
2024-05-17,196.24,70.84
2024-05-20,196.69,71.93
2024-05-21,194.8,70.57
2024-05-22,198.13,69.95
2024-05-23,197.58,69.29
2024-05-24,194.22,67.41
2024-05-27,193.25,67.09
2024-05-28,191.04,66.77
2024-05-29,192.03,72.54
2024-05-30,192.59,73.6
2024-05-31,191.0,73.98
2024-06-03,195.74,76.68
2024-06-04,199.21,77.03
2024-06-05,197.36,77.91
2024-06-06,198.03,77.14
2024-06-07,186.44,76.14
2024-06-11,182.01,79.19
2024-06-12,178.84,78.61
2024-06-13,178.42,81.97
2024-06-14,178.13,81.99
2024-06-17,181.44,83.38
2024-06-18,183.57,82.86
2024-06-19,182.25,82.31
2024-06-20,181.23,81.48
2024-06-21,178.4,81.2
2024-06-24,180.22,80.96
2024-06-25,179.56,82.31
2024-06-26,178.75,81.88
2024-06-27,178.24,80.81
2024-06-28,173.27,81.06
2024-07-01,169.31,79.91
2024-07-02,169.32,78.97
2024-07-03,172.74,78.68
2024-07-04,172.84,79.19
2024-07-05,170.86,78.32
2024-07-08,169.15,79.31
2024-07-09,169.01,81.84
2024-07-10,166.29,81.81
2024-07-11,170.25,82.0
2024-07-12,173.04,85.18
2024-07-15,171.36,84.88
2024-07-16,172.54,83.97
2024-07-17,174.13,84.15
2024-07-18,181.59,84.79
2024-07-19,182.68,85.66
2024-07-22,182.76,86.18
2024-07-23,179.44,82.05
2024-07-24,179.56,80.97
2024-07-25,180.97,81.11
2024-07-26,182.59,82.63
2024-07-29,177.77,81.71
2024-07-30,178.13,79.98
2024-07-31,179.55,81.03
2024-08-01,173.54,80.08
2024-08-02,170.33,76.94
2024-08-05,170.24,75.74
2024-08-06,168.19,74.99
2024-08-07,166.91,74.99
2024-08-08,165.64,74.16
2024-08-09,163.24,75.88
2024-08-12,162.24,75.48
2024-08-13,167.02,74.92
2024-08-14,165.45,74.21
2024-08-15,166.64,75.84
2024-08-16,166.86,77.05
2024-08-19,168.84,77.15
2024-08-20,168.11,77.5
2024-08-21,167.25,79.01
2024-08-22,172.04,78.85
2024-08-23,175.04,78.46
2024-08-26,177.16,78.48
2024-08-27,176.74,78.94
2024-08-28,176.06,77.63
2024-08-29,174.04,76.96
2024-08-30,177.58,81.82
2024-09-02,174.43,79.04
2024-09-03,178.89,81.04
2024-09-04,180.39,82.12
2024-09-05,180.04,82.96
2024-09-06,179.19,82.54
2024-09-09,178.39,82.0
2024-09-10,174.4,81.89
2024-09-11,179.8,84.71
2024-09-12,182.59,84.35
2024-09-13,176.74,83.67
2024-09-18,179.64,84.82
2024-09-19,180.14,83.8
2024-09-20,178.84,84.04
2024-09-23,181.44,82.01
2024-09-24,190.76,83.44
2024-09-25,196.34,86.28
2024-09-26,198.75,88.55
2024-09-27,220.05,93.34
2024-09-30,245.13,101.11
2024-10-08,292.24,107.8
2024-10-09,248.24,100.57
2024-10-10,251.24,103.97
2024-10-11,235.03,98.69
2024-10-14,242.96,101.01
2024-10-15,234.46,98.01
2024-10-16,227.09,95.27
2024-10-17,224.74,95.15
2024-10-18,243.13,98.78
2024-10-21,246.6,100.83
2024-10-22,243.79,100.26
2024-10-23,242.54,101.64
2024-10-24,239.4,99.9
2024-10-25,252.12,101.39
2024-10-28,249.48,100.38
2024-10-29,245.02,100.48
2024-10-30,241.27,100.53
2024-10-31,239.22,96.41
2024-11-01,239.44,95.45
2024-11-04,244.44,101.0
2024-11-05,254.63,101.18
2024-11-06,249.74,98.8
2024-11-07,256.04,99.27
2024-11-08,250.74,97.98
2024-11-11,260.74,98.44
2024-11-12,266.26,98.95
2024-11-13,275.24,98.87
2024-11-14,268.24,96.93
2024-11-15,258.8,95.34
2024-11-18,256.16,94.9
2024-11-19,261.96,94.67
2024-11-20,260.79,94.83
2024-11-21,261.5,94.01
2024-11-22,252.34,91.51
2024-11-25,257.34,93.01
2024-11-26,249.96,92.35
2024-11-27,253.14,92.34
2024-11-28,247.94,90.2
2024-11-29,254.48,90.29
2024-12-02,255.43,92.81
2024-12-03,255.08,92.89
2024-12-04,252.21,92.0
2024-12-05,249.24,90.43
2024-12-06,259.79,92.1
2024-12-09,261.29,92.17
2024-12-10,263.81,92.86
2024-12-11,260.34,92.27
2024-12-12,266.95,93.24
2024-12-13,260.27,90.85
2024-12-16,260.44,90.33
2024-12-17,267.04,92.94
2024-12-18,264.65,93.56
2024-12-19,263.03,93.81
2024-12-20,255.95,92.08
2024-12-23,256.74,92.24
2024-12-24,261.47,94.82
2024-12-25,261.21,93.98
2024-12-26,254.49,93.63
2024-12-27,255.24,94.1
2024-12-30,259.82,93.67
2024-12-31,259.24,92.9
2025-01-02,252.02,89.04
2025-01-03,250.87,88.92
2025-01-06,249.99,89.1
2025-01-07,242.69,90.02
2025-01-08,238.58,88.4
2025-01-09,240.57,88.47
2025-01-10,239.24,87.35
2025-01-13,240.15,87.34
2025-01-14,249.44,90.78
2025-01-15,244.11,90.24
2025-01-16,243.17,89.6
2025-01-17,244.74,90.88
2025-01-20,258.76,93.49
2025-01-21,257.42,94.03
2025-01-22,251.24,92.84
2025-01-23,250.74,91.05
2025-01-24,255.08,91.7
2025-01-27,251.46,90.18
2025-02-05,246.58,92.94
2025-02-06,247.56,102.37
2025-02-07,255.74,107.64
2025-02-10,252.91,108.72
2025-02-11,246.26,108.64
2025-02-12,249.76,113.69
2025-02-13,255.85,112.44
2025-02-14,264.17,117.36
2025-02-17,263.86,114.84
2025-02-18,265.23,117.42
2025-02-19,268.01,118.18
2025-02-20,264.66,119.6
2025-02-21,270.01,126.34
2025-02-24,265.96,124.1
2025-02-25,263.94,122.84
2025-02-26,263.08,122.71
2025-02-27,264.46,123.84
2025-02-28,258.76,119.28
2025-03-03,267.99,118.75
2025-03-04,257.46,113.62
2025-03-05,255.45,116.66
2025-03-06,258.77,118.32
2025-03-07,255.22,117.48
2025-03-10,250.96,115.68
2025-03-11,249.66,115.47
2025-03-12,248.96,115.68
2025-03-13,247.68,116.84
2025-03-14,256.46,123.99
2025-03-17,250.46,125.43
2025-03-18,251.46,126.87
2025-03-19,259.85,131.03
2025-03-20,256.61,132.01
2025-03-21,250.46,122.68
2025-03-24,252.62,123.8
2025-03-25,253.94,121.87
2025-03-26,251.38,124.01
2025-03-27,253.34,127.51
2025-03-28,251.26,126.18
2025-03-31,247.4,123.64
2025-04-01,243.52,120.51
2025-04-02,243.6,118.84
2025-04-03,237.54,117.85
2025-04-07,209.68,105.93
2025-04-08,213.51,107.85
2025-04-09,205.85,106.88
2025-04-10,212.44,110.81
2025-04-11,218.46,117.0
2025-04-14,218.46,118.34
2025-04-15,222.61,118.67
2025-04-16,219.35,116.06
2025-04-17,220.46,115.24
2025-04-18,219.92,114.01
2025-04-21,225.82,114.93
2025-04-22,229.69,116.96
2025-04-23,232.35,122.67
2025-04-24,235.87,120.68
2025-04-25,235.6,122.29
2025-04-28,233.85,118.68
2025-04-29,231.03,117.01
2025-04-30,230.5,116.37
2025-05-06,230.63,118.66
2025-05-07,237.61,118.41
2025-05-08,243.57,118.44
2025-05-09,247.27,119.75
2025-05-12,256.0,122.1
2025-05-13,257.77,120.84
2025-05-14,261.6,123.04
2025-05-15,259.18,124.28
2025-05-16,258.36,128.4
2025-05-19,259.0,126.28
2025-05-20,262.0,130.28
2025-05-21,273.08,132.01
2025-05-22,269.37,131.61
2025-05-23,265.99,133.68
2025-05-26,254.9,125.68
2025-05-27,252.99,122.81
2025-05-28,252.6,119.64
2025-05-29,250.85,119.05
2025-05-30,249.0,116.11
2025-06-03,250.15,117.34
2025-06-04,250.05,118.85
2025-06-05,250.5,118.93
2025-06-06,247.88,118.66
2025-06-09,244.58,114.72
2025-06-10,242.14,116.39
2025-06-11,249.5,119.34
2025-06-12,248.81,116.42
2025-06-13,247.2,114.01
2025-06-16,245.66,113.49
2025-06-17,245.26,113.26
2025-06-18,244.57,114.33
2025-06-19,241.1,112.18
2025-06-20,239.26,112.09
2025-06-23,238.61,111.41
2025-06-24,244.92,113.14
2025-06-25,253.9,115.1
2025-06-26,251.79,111.16
2025-06-27,249.99,110.09
2025-06-30,251.22,109.31
2025-07-01,250.5,109.12
2025-07-02,249.45,108.9
2025-07-03,261.59,110.2
2025-07-04,264.8,109.01
2025-07-07,259.89,108.21
2025-07-08,262.31,107.64
2025-07-09,269.8,107.28
2025-07-10,271.0,105.75
2025-07-11,270.5,106.65
2025-07-14,267.5,104.84
2025-07-15,266.75,106.36
2025-07-16,263.4,106.58
2025-07-17,264.5,108.02
2025-07-18,270.2,108.38
2025-07-21,278.66,110.05
2025-07-22,285.66,112.57
2025-07-23,286.02,111.37
2025-07-24,284.2,112.92
2025-07-25,281.8,111.32
2025-07-28,285.3,111.01
2025-07-29,290.82,111.42
2025-07-30,276.09,108.7
2025-07-31,263.62,105.24
2025-08-01,262.07,105.8
2025-08-04,265.48,104.88
2025-08-05,264.7,104.86
2025-08-06,264.0,104.35
2025-08-07,262.05,105.33
2025-08-08,262.48,103.93
2025-08-11,262.66,105.52
2025-08-12,262.25,105.67
2025-08-13,272.6,106.83
2025-08-14,278.89,106.37
2025-08-15,279.67,106.07
2025-08-18,282.0,108.37
2025-08-19,276.8,107.63
2025-08-20,279.2,108.25
2025-08-21,279.0,107.1
2025-08-22,287.18,110.66
2025-08-25,290.28,111.61
2025-08-26,289.5,113.75
2025-08-27,278.3,110.68
2025-08-28,277.41,109.32
2025-08-29,306.18,114.06
2025-09-01,304.0,109.7
2025-09-02,302.87,110.02
2025-09-03,309.0,107.21
2025-09-04,304.03,104.0
2025-09-05,325.11,107.26
2025-09-08,325.37,106.25
2025-09-09,320.0,105.49
2025-09-10,316.04,105.2
2025-09-11,322.55,106.59
2025-09-12,325.0,105.91
2025-09-15,354.7,108.7
2025-09-16,353.42,107.8
2025-09-17,377.1,110.99
2025-09-18,366.89,109.71
2025-09-19,368.49,109.09
2025-09-22,370.05,107.99
2025-09-23,368.15,105.6
2025-09-24,379.93,105.71
2025-09-25,392.85,107.5
2025-09-26,380.4,107.29
2025-09-29,397.37,108.61
2025-09-30,402.0,109.21
2025-10-09,409.89,110.6
2025-10-10,381.95,107.79
2025-10-13,374.5,105.69
2025-10-14,358.0,105.99
2025-10-15,369.3,107.1
2025-10-16,368.5,106.96
2025-10-17,358.14,104.43
2025-10-20,366.5,104.52
2025-10-21,375.9,104.76
2025-10-22,372.86,103.78
2025-10-23,376.45,103.69
2025-10-24,385.77,103.76
2025-10-27,386.18,104.01
2025-10-28,386.48,103.72
2025-10-29,400.0,104.52
2025-10-30,398.29,103.61
2025-10-31,388.77,100.79
2025-11-03,386.86,99.6
2025-11-04,378.95,97.8
2025-11-05,388.7,95.8
2025-11-06,394.68,97.52
2025-11-07,395.37,97.2
2025-11-10,384.51,99.39
2025-11-11,385.6,98.71
2025-11-12,386.38,97.77
2025-11-13,415.6,99.83
2025-11-14,404.12,98.37
2025-11-17,390.78,98.08
2025-11-18,385.0,96.49
2025-11-19,391.1,95.17
2025-11-20,379.39,93.61
2025-11-21,370.0,92.7
2025-11-24,370.55,93.93
2025-11-25,372.36,93.91
2025-11-26,372.82,95.09
2025-11-27,371.2,94.29
2025-11-28,373.2,95.17
2025-12-01,382.97,95.77
2025-12-02,380.08,96.62
2025-12-03,376.08,95.05
2025-12-04,383.35,95.24
2025-12-05,389.09,95.98
2025-12-08,392.5,96.53
2025-12-09,387.59,96.03
2025-12-10,382.38,96.47
2025-12-11,388.99,96.23
2025-12-12,391.8,97.0
2025-12-15,385.5,95.53
2025-12-16,378.41,94.25
2025-12-17,383.42,95.21
2025-12-18,372.0,93.53
2025-12-19,374.0,94.23
2025-12-22,371.84,94.37
2025-12-23,378.1,94.81
2025-12-24,375.6,94.42
2025-12-25,373.01,94.84
2025-12-26,374.43,100.01
2025-12-29,369.31,100.21
2025-12-30,369.2,99.75
2025-12-31,367.26,97.72
