Date,NINGDE_Close,BYD_Close,spread,spread_rm,spread_rstd,zscore,dataset
2020-01-02,45.92,13.21,32.71,32.71,0.0,-1.7759194932576639,train
2020-01-03,47.05,13.17,33.879999999999995,33.295,0.8273149339882543,-1.7542065161448046,train
2020-01-06,46.8,13.25,33.55,33.379999999999995,0.6032412452742217,-1.7603306891766368,train
2020-01-07,46.47,13.17,33.3,33.36,0.4941659640242294,-1.764970214200752,train
2020-01-08,47.08,12.92,34.16,33.519999999999996,0.55780821076782,-1.7490102481177954,train
2020-01-09,50.08,13.04,37.04,34.10666666666666,1.521179367026344,-1.6955629198399875,train
2020-01-10,49.14,12.8,36.34,34.425714285714285,1.625072892138045,-1.70855358990751,train
2020-01-13,51.13,14.36,36.77,34.71875,1.7177180668383458,-1.7005736068660315,train
2020-01-14,50.47,14.97,35.5,34.80555555555556,1.6277446906003974,-1.7241423939885374,train
2020-01-15,50.25,14.93,35.32,34.857,1.5432508977263997,-1.7274828520059007,train
2020-01-16,50.86,15.19,35.67,34.93090909090909,1.484435613594977,-1.720987516972139,train
2020-01-17,50.12,16.47,33.65,34.82416666666666,1.4628580887696496,-1.7584748791669904,train
2020-01-20,54.63,16.74,37.89,35.059999999999995,1.638490158652168,-1.6797885347579953,train
2020-01-21,53.77,16.06,37.71000000000001,35.24928571428571,1.7261939648821667,-1.683128992775358,train
2020-01-22,60.53,16.91,43.620000000000005,35.80733333333333,2.727299728582069,-1.5734506212052728,train
2020-01-23,58.73,17.1,41.629999999999995,36.17125,3.010191300676201,-1.6103812403972306,train
2020-02-03,61.39,15.11,46.28,36.765882352941176,3.80866291962076,-1.5240860749486864,train
2020-02-04,68.91,15.94,52.97,37.666111111111114,5.3141355767523075,-1.3999323853033614,train
2020-02-05,77.18,17.43,59.75000000000001,38.828421052631576,7.2346022413566935,-1.2741084666493547,train
2020-02-06,80.57,17.41,63.16,40.045,8.898654244795729,-1.2108253453204223,train
2020-02-07,75.19,16.46,58.73,41.346,9.640948522891957,-1.2930377287477453,train
2020-02-10,78.0,17.47,60.53,42.6785,10.368940094542474,-1.259633148574115,train
2020-02-11,74.19,16.84,57.349999999999994,43.8685,10.628622862222949,-1.3186479068808616,train
2020-02-12,74.88,16.89,57.989999999999995,45.103,10.769422161110151,-1.3067707228191265,train
2020-02-13,73.05,16.34,56.709999999999994,46.2305,10.743851840397882,-1.3305250909425967,train
2020-02-14,69.47,16.12,53.349999999999994,47.046,10.627912306751496,-1.3928803072667062,train
2020-02-17,71.8,16.65,55.15,47.9865,10.461617704733808,-1.359475727093076,train
2020-02-18,73.2,16.98,56.22,48.958999999999996,10.266268168388308,-1.3396185599898627,train
2020-02-19,71.3,17.79,53.51,49.8595,9.803001406658433,-1.3899110112512725,train
2020-02-20,75.08,19.86,55.22,50.854499999999994,9.24353342954726,-1.3581766600863237,train
2020-02-21,75.02,19.66,55.36,51.839,8.564802452633183,-1.3555785260728193,train
2020-02-24,71.97,19.22,52.75,52.794,7.418010373053991,-1.4040151673245826,train
2020-02-25,76.11,20.77,55.34,53.6665,6.547954501819212,-1.3559496880747484,train
2020-02-26,71.11,21.06,50.05,54.283500000000004,5.455532464726423,-1.454122037585028,train
2020-02-27,69.23,20.51,48.72,54.5385,5.033757908780505,-1.478804310713321,train
2020-02-28,61.56,18.95,42.61,54.5875,4.90460243037086,-1.5921943023026988,train
2020-03-02,63.96,19.44,44.519999999999996,54.4995,5.074355001791881,-1.556748331118458,train
2020-03-03,67.18,19.78,47.400000000000006,54.221000000000004,5.310093566427081,-1.5033010028406497,train
2020-03-04,66.02,19.35,46.669999999999995,53.56699999999999,5.398041652693159,-1.5168484159110667,train
2020-03-05,66.87,19.43,47.440000000000005,52.78099999999999,5.061707533816482,-1.5025586788367915,train
2020-03-06,65.92,18.94,46.980000000000004,52.19349999999999,5.016575971086656,-1.5110954048811636,train
2020-03-09,60.33,16.97,43.36,51.335,4.983909372327991,-1.578275727230353,train
2020-03-10,64.26,17.21,47.050000000000004,50.82,4.860280477070159,-1.509796337874411,train
2020-03-11,64.4,16.74,47.66000000000001,50.3035,4.600145621264829,-1.4984758968155698,train
2020-03-12,60.75,16.17,44.58,49.696999999999996,4.509777798237246,-1.5556348451126703,train
2020-03-13,59.58,15.71,43.87,49.223,4.602858494000157,-1.5688110961811577,train
2020-03-16,52.33,15.12,37.21,48.326,5.1074274088666245,-1.6924080428235888,train
2020-03-17,51.72,14.84,36.879999999999995,47.359,5.3588312747817435,-1.6985322158554212,train
2020-03-18,51.38,14.52,36.86,46.526500000000006,5.638950326920224,-1.6989033778573503,train
2020-03-19,50.1,14.28,35.82,45.5565,5.732601388916778,-1.71820380195767,train
2020-03-20,50.56,14.66,35.900000000000006,44.5835,5.631660758136706,-1.716719153949953,train
2020-03-23,45.9,13.21,32.69,43.5805,5.881460143625281,-1.7762906552595934,train
2020-03-24,48.17,13.73,34.44,42.5355,5.528216115624707,-1.7438139800907864,train
2020-03-25,53.41,14.57,38.839999999999996,41.975,5.2893542536922915,-1.662158339666357,train
2020-03-26,52.65,15.25,37.4,41.409,5.13295123891244,-1.6888820038052612,train
2020-03-27,52.14,15.42,36.72,41.1145,5.228496286797263,-1.701501511870855,train
2020-03-30,52.47,15.9,36.57,40.717,5.258082600300142,-1.7042852268853241,train
2020-03-31,53.07,17.15,35.92,40.143,5.114789803779064,-1.7163479919480238,train
2020-04-01,53.08,16.2,36.879999999999995,39.6535,4.922096552657657,-1.6985322158554212,train
2020-04-02,54.86,16.02,38.84,39.2235,4.5690483576711065,-1.662158339666357,train
2020-04-03,53.41,15.49,37.919999999999995,38.7705,4.193224453304364,-1.6792317917551016,train
2020-04-07,55.47,15.93,39.54,38.579499999999996,4.057990784923806,-1.6491676695988347,train
2020-04-08,54.52,15.6,38.92,38.173,3.5388090473610516,-1.6606736916586402,train
2020-04-09,52.97,15.71,37.26,37.653,2.746889341169718,-1.691480137818766,train
2020-04-10,52.0,15.35,36.65,37.2565,2.215270626214473,-1.702800578877607,train
2020-04-13,49.91,15.76,34.15,36.7705,1.6925392788725968,-1.74919582911876,train
2020-04-14,56.28,16.46,39.82,36.900999999999996,1.8237436915948004,-1.6439714015718254,train
2020-04-15,57.3,17.2,40.099999999999994,37.062,1.9589137698977417,-1.6387751335448164,train
2020-04-16,60.05,17.16,42.89,37.3635,2.3509936868885277,-1.5869980342756895,train
2020-04-17,62.27,16.76,45.510000000000005,37.848,2.940681267289896,-1.5383758120229614,train
2020-04-20,60.92,16.78,44.14,38.260000000000005,3.217584906662011,-1.5638004091551132,train
2020-04-21,58.7,16.95,41.75,38.713,3.02407201947103,-1.6081542683856553,train
2020-04-22,58.88,16.97,41.910000000000004,39.0865,2.9283321550887185,-1.6051849723702216,train
2020-04-23,58.36,16.57,41.79,39.234,2.988931159074165,-1.607411944381797,train
2020-04-24,59.35,16.73,42.620000000000005,39.495000000000005,3.04768678456995,-1.592008721301734,train
2020-04-27,60.58,16.15,44.43,39.8805,3.163616310157561,-1.5584185601271394,train
2020-04-28,63.02,16.15,46.870000000000005,40.3955,3.423987326280065,-1.513136795891774,train
2020-04-29,63.26,16.49,46.769999999999996,40.938,3.5352966078199626,-1.5149926059014205,train
2020-04-30,66.4,17.14,49.260000000000005,41.557,3.8565953078358146,-1.468782936661232,train
2020-05-06,67.18,17.88,49.30000000000001,42.08,4.165614884794467,-1.4680406126573735,train
2020-05-07,65.75,17.19,48.56,42.612,4.2841133701643805,-1.4817736067287548,train
2020-05-08,66.23,17.08,49.150000000000006,43.0925,4.4568668189778124,-1.4708243276718427,train
2020-05-11,62.65,16.78,45.87,43.44,4.384777495405058,-1.5316948959882353,train
2020-05-12,63.41,16.87,46.53999999999999,43.904,4.1827394699747105,-1.5192609689236065,train
2020-05-13,63.0,16.82,46.18,44.3805,3.841802585410039,-1.5259418849583324,train
2020-05-14,61.52,16.39,45.13,44.929500000000004,2.9938541872871727,-1.5454278900596168,train
2020-05-15,67.01,16.48,50.53,45.464999999999996,2.9896620122295623,-1.4452141495387265,train
2020-05-18,64.97,16.22,48.75,45.8975,2.7918148690695777,-1.4782475677104274,train
2020-05-19,65.78,16.56,49.22,46.214,2.791725367280219,-1.4695252606650906,train
2020-05-20,69.13,16.83,52.3,46.5535,3.097702501770266,-1.4123663123679904,train
2020-05-21,68.11,16.21,51.9,46.941500000000005,3.261164265783178,-1.4197895524065747,train
2020-05-22,65.53,15.83,49.7,47.339,3.0742237359937636,-1.4606173726187892,train
2020-05-25,66.36,16.0,50.36,47.7615,2.862171194629788,-1.448369026555125,train
2020-05-26,69.54,16.59,52.95,48.319500000000005,2.7210958995847485,-1.4003035473052905,train
2020-05-27,70.36,16.26,54.099999999999994,48.8935,2.6657995245823063,-1.3789617321943604,train
2020-05-28,68.32,16.32,51.99999999999999,49.272000000000006,2.5327904312084617,-1.4179337423969287,train
2020-05-29,67.04,16.29,50.75000000000001,49.466,2.4873118019259466,-1.441131367517505,train
2020-06-01,70.05,16.93,53.12,49.783500000000004,2.5299766485296584,-1.397148670288892,train
2020-06-02,69.22,17.49,51.730000000000004,49.907,2.5631458877920634,-1.422944429422973,train
2020-06-03,68.69,17.13,51.56,50.019999999999996,2.5847039940469414,-1.4260993064393714,train
2020-06-04,69.65,17.19,52.46000000000001,50.215,2.6156884974686077,-1.4093970163525564,train
2020-06-05,70.31,18.22,52.09,50.362,2.6352261462928324,-1.416263513388247,train
2020-06-08,70.42,18.09,52.33,50.685,2.444675201761038,-1.4118095693650965,train
2020-06-09,71.85,17.82,54.029999999999994,51.0595,2.348070820683965,-1.3802607992011124,train
2020-06-10,73.36,17.51,55.849999999999994,51.54299999999999,2.285183627310159,-1.3464850570255533,train
2020-06-11,77.41,18.1,59.309999999999995,52.251999999999995,2.3881871565555617,-1.2822740306917977,train
2020-06-12,74.81,17.65,57.160000000000004,52.5835,2.5883408117739894,-1.3221739458991892,train
2020-06-15,73.92,17.99,55.93000000000001,52.94250000000001,2.5258284206427035,-1.3450004090178362,train
2020-06-16,75.2,18.52,56.68000000000001,53.3155,2.4978484952581206,-1.3310818339454904,train
2020-06-17,73.98,18.53,55.45,53.473,2.5295560251179703,-1.3539082970641376,train
2020-06-18,74.62,19.4,55.220000000000006,53.638999999999996,2.529832322298747,-1.3581766600863237,train
2020-06-19,78.48,19.49,58.99000000000001,54.10350000000001,2.6197956428940077,-1.2882126227226651,train
2020-06-22,77.98,19.82,58.160000000000004,54.4935,2.613755666509524,-1.303615845802728,train
2020-06-23,80.14,20.83,59.31,54.8115,2.7965811364292117,-1.2822740306917977,train
2020-06-24,81.59,21.06,60.53,55.133,3.067007971091201,-1.259633148574115,train
2020-06-29,81.33,20.69,60.64,55.565,3.2077463805770847,-1.2575917575635043,train
2020-06-30,83.18,21.09,62.09,56.132000000000005,3.312374883436533,-1.2306825124236356,train
2020-07-01,80.42,21.31,59.11,56.43150000000001,3.296465850765527,-1.2859856507110898,train
2020-07-02,79.2,21.2,58.0,56.745000000000005,3.1191893346289983,-1.3065851418181618,train
2020-07-03,79.42,23.61,55.81,56.9575,2.883203399364221,-1.3472273810294115,train
2020-07-06,85.09,24.12,60.97,57.383,2.811592730857489,-1.2514675845316723,train
2020-07-07,94.97,24.82,70.15,58.286,3.7617764560461744,-1.0811042256461587,train
2020-07-08,96.07,24.74,71.33,59.236000000000004,4.50432704244078,-1.0592056675323347,train
2020-07-09,100.21,25.31,74.89999999999999,60.279500000000006,5.534441896457427,-0.9929532501879687,train
2020-07-10,99.59,26.82,72.77000000000001,61.12550000000001,6.087297797355105,-1.0324820033934305,train
2020-07-13,110.82,29.79,81.03,62.2115,7.5161365180453465,-0.8791920965966616,train
2020-07-14,106.28,29.34,76.94,63.20050000000001,8.09549093144157,-0.9550947259911878,train
2020-07-15,101.33,28.66,72.67,64.0375,8.169269680042595,-1.0343378134030767,train
2020-07-16,95.63,25.51,70.11999999999999,64.7095,8.08453590439635,-1.0816609686490528,train
2020-07-17,95.03,24.35,70.68,65.471,7.8811753732015095,-1.0712684325950343,train
2020-07-20,100.37,26.21,74.16,66.41799999999999,7.72087096259565,-1.0066862442593498,train
2020-07-21,101.31,26.52,74.79,67.208,7.729159823612617,-0.994994641198579,train
2020-07-22,101.81,26.22,75.59,68.07950000000001,7.637372429807189,-0.9801481611214102,train
2020-07-23,104.92,26.82,78.1,69.019,7.657513613232566,-0.9335673298792929,train
2020-07-24,96.69,24.82,71.87,69.586,7.411754817429144,-1.0491842934802456,train
2020-07-27,92.59,25.0,67.59,69.93350000000001,7.127729597180734,-1.1286129618930993,train
2020-07-28,96.05,25.13,70.92,70.375,6.885684233859474,-1.0668144885718838,train
2020-07-29,99.75,26.13,73.62,71.1005,6.382307349639548,-1.0167076183114387,train
2020-07-30,100.4,25.49,74.91000000000001,71.946,5.631373021321082,-0.9927676691870037,train
2020-07-31,104.18,25.62,78.56,73.0835,4.353046452893921,-0.9250306038349206,train
2020-08-03,106.09,25.88,80.21000000000001,74.0455,3.595117266222952,-0.8944097386757597,train
2020-08-04,103.36,26.82,76.53999999999999,74.365,3.5137212243012237,-0.9625179660297724,train
2020-08-05,103.17,26.54,76.63,74.63000000000001,3.4723948962911866,-0.9608477370210908,train
2020-08-06,103.81,26.73,77.08,74.739,3.5152673028556327,-0.9524965919776832,train
2020-08-07,99.81,25.62,74.19,74.81,3.487636811125176,-1.006129501256456,train
2020-08-10,97.8,24.48,73.32,74.4245,3.1761288502961955,-1.0222750483403773,train
2020-08-11,96.55,24.16,72.39,74.19699999999999,3.1493058550132433,-1.039534081430086,train
2020-08-12,95.05,24.48,70.57,74.09200000000001,3.236691943457357,-1.0733098236056453,train
2020-08-13,95.2,24.42,70.78,74.125,3.197187086042596,-1.0694126225853884,train
2020-08-14,97.63,24.47,73.16,74.249,3.1032561846177096,-1.025244344355811,train
2020-08-17,95.55,24.8,70.75,74.07849999999999,3.200554680544851,-1.0699693655882823,train
2020-08-18,97.02,24.57,72.44999999999999,73.9615,3.215909914619351,-1.0384205954242984,train
2020-08-19,91.97,23.73,68.24,73.594,3.4326748815034853,-1.1165501968303997,train
2020-08-20,90.99,23.36,67.63,73.07050000000001,3.5068811679775433,-1.1278706378892411,train
2020-08-21,93.11,23.7,69.41,72.94749999999999,3.593280095136618,-1.0948372197175402,train
2020-08-24,98.54,24.32,74.22,73.279,3.3720225072608017,-1.005572758253562,train
2020-08-25,97.38,24.26,73.11999999999999,73.389,3.3265960158443213,-1.0259866683596695,train
2020-08-26,94.31,24.98,69.33,73.1745,3.4470467527710182,-1.096321867725257,train
2020-08-27,100.17,25.65,74.52000000000001,73.155,3.437803000999906,-1.0000053282246235,train
2020-08-28,102.03,25.64,76.39,73.04650000000001,3.289273276000382,-0.9653016810442414,train
2020-08-31,100.95,25.51,75.44,72.80799999999999,2.891389394664565,-0.9829318761358795,train
2020-09-01,105.34,28.34,77.0,72.83099999999999,2.9242811082383606,-0.9539812399854001,train
2020-09-02,103.71,28.61,75.1,72.7545,2.8384196399812622,-0.9892416301686764,train
2020-09-03,102.92,28.04,74.88,72.6445,2.701283272037433,-0.9933244121898978,train
2020-09-04,99.79,27.18,72.61000000000001,72.5655,2.67669764134048,-1.0354512994088643,train
2020-09-07,89.87,28.76,61.11,71.955,3.6944802355035202,-1.2488694505181677,train
2020-09-08,90.15,27.51,62.64,71.4675,4.237435762593354,-1.220475557370582,train
2020-09-09,88.71,25.84,62.86999999999999,71.0825,4.65272062459441,-1.216207194348396,train
2020-09-10,89.07,26.21,62.85999999999999,70.6865,5.003630550331473,-1.2163927753493609,train
2020-09-11,90.37,27.58,62.790000000000006,70.168,5.264327417429,-1.2176918423561127,train
2020-09-14,93.41,28.01,65.39999999999999,69.9005,5.3681011785507415,-1.1692552011043496,train
2020-09-15,94.48,30.94,63.540000000000006,69.455,5.51314362515425,-1.2037732672837669,train
2020-09-16,93.12,32.31,60.81,69.0835,5.839970507315582,-1.254436880547106,train
2020-09-17,96.53,35.82,60.71,68.7375,6.128485581798805,-1.256292690556752,train
2020-09-18,96.33,35.68,60.65,68.2995,6.385538327881385,-1.2574061765625397,train
2020-09-21,96.27,32.43,63.839999999999996,67.78049999999999,6.300269396913464,-1.1982058372548285,train
2020-09-22,97.7,32.77,64.93,67.371,6.200321638516248,-1.177977508149686,train
2020-09-23,95.76,33.98,61.78000000000001,66.9935,6.303746818152568,-1.2364355234535387,train
2020-09-24,92.32,32.64,59.67999999999999,66.2515,6.244302898179331,-1.2754075336561073,train
2020-09-25,92.7,32.21,60.49,65.45649999999999,5.8875437421551124,-1.2603754725779734,train
2020-09-28,93.48,32.64,60.84,64.7265,5.475226767714298,-1.2538801375442121,train
2020-09-29,100.2,33.14,67.06,64.2295,4.698545659647243,-1.1384487549442237,train
2020-09-30,102.53,35.92,66.61,63.80499999999999,3.995690441621282,-1.1467998999876314,train
2020-10-09,111.24,37.29,73.94999999999999,63.758500000000005,3.8632373593577385,-1.0105834452796068,train
2020-10-12,116.75,40.01,76.74000000000001,63.964999999999996,4.430070095679307,-0.9588063460104798,train
2020-10-13,117.24,40.27,76.97,64.75800000000001,5.237953196069138,-0.954537982988294,train
2020-10-14,118.15,40.68,77.47,65.4995,5.926743558694487,-0.9452589329400634,train
2020-10-15,118.87,41.03,77.84,66.248,6.495213298227694,-0.9383924359043726,train
2020-10-16,113.03,39.78,73.25,66.7675,6.6241979653548,-1.0235741153471294,train
2020-10-19,113.76,39.87,73.89000000000001,67.3225,6.737440459652949,-1.011696931285394,train
2020-10-20,120.53,43.84,76.69,67.887,7.034313717320565,-0.9597342510153031,train
2020-10-21,115.38,43.01,72.37,68.3285,7.02421471542699,-1.039905243432015,train
2020-10-22,115.13,45.11,70.02,68.789,6.803808453629789,-1.083516778658699,train
2020-10-23,111.31,43.4,67.91,69.149,6.539172569579181,-1.122674369862232,train
2020-10-26,115.84,43.83,72.01,69.71700000000001,6.249019375701649,-1.0465861594667412,train
2020-10-27,118.1,43.94,74.16,70.233,6.163690879915842,-1.0066862442593498,train
2020-10-28,119.79,47.71,72.08000000000001,70.5905,6.046156216969573,-1.0452870924599886,train
2020-10-29,119.65,49.97,69.68,70.9855,5.687695375475932,-1.0898265326914955,train
2020-10-30,123.63,50.45,73.17999999999999,71.6605,5.039510706199009,-1.0248731823538817,train
2020-11-02,130.83,53.17,77.66000000000001,72.519,4.466307670831234,-0.9417328939217355,train
2020-11-03,128.55,51.87,76.68,73.311,3.608322106055962,-0.9599198320162675,train
2020-11-04,128.28,53.19,75.09,73.7125,3.3106333866878224,-0.9894272111696408,train
2020-11-05,135.48,58.79,76.69,74.21650000000001,2.916245378095359,-0.9597342510153031,train
2020-11-06,132.7,60.66,72.03999999999999,74.12100000000001,2.9564290337463444,-1.0460294164638475,train
2020-11-09,134.33,60.83,73.50000000000001,73.959,2.893464323172673,-1.0189345903230138,train
2020-11-10,134.05,58.04,76.01000000000002,73.911,2.8484989583619114,-0.9723537590808963,train
2020-11-11,125.67,51.96,73.71000000000001,73.723,2.7225377093709477,-1.015037389302757,train
2020-11-12,127.56,53.62,73.94,73.528,2.5460900881236626,-1.0107690262805713,train
2020-11-13,126.98,55.81,71.17,73.424,2.5999542506095414,-1.0621749635477684,train
2020-11-16,127.92,53.85,74.07,73.43299999999999,2.601963024131363,-1.0083564732680312,train
2020-11-17,125.58,52.84,72.74,73.2355,2.4891987190976494,-1.0330387463963246,train
2020-11-18,119.92,52.84,67.08,72.971,2.8420524459029037,-1.1380775929422946,train
2020-11-19,120.81,51.05,69.76,72.958,2.856817515311224,-1.0883418846837787,train
2020-11-20,126.36,55.86,70.5,73.0875,2.668439076550682,-1.0746088906123974,train
2020-11-23,126.87,58.58,68.29,72.9015,2.8695667653937162,-1.1156222918255765,train
2020-11-24,127.81,58.57,69.24000000000001,72.6555,2.965293053769964,-1.0979920967339383,train
2020-11-25,123.1,58.35,64.75,72.289,3.453035125646276,-1.181317966167049,train
2020-11-26,122.61,55.78,66.83,72.1465,3.621087761839945,-1.14271711796641,train
2020-11-27,120.76,55.21,65.55000000000001,71.76500000000001,3.897827330030996,-1.16647148608988,train
2020-11-30,121.2,54.56,66.64,71.214,3.7982730147708774,-1.1462431569847376,train
2020-12-01,123.07,56.11,66.96,70.728,3.6821484003371125,-1.1403045649538701,train
2020-12-02,121.7,53.76,67.94,70.3705,3.5820891801763968,-1.122117626859338,train
2020-12-03,122.97,54.21,68.75999999999999,69.974,3.2711601032436013,-1.10689998478024,train
2020-12-04,125.05,54.46,70.59,69.9015,3.2388696452539496,-1.072938661603716,train
2020-12-07,131.57,55.61,75.96,70.0245,3.424131814666394,-0.9732816640857198,train
2020-12-08,134.11,56.5,77.61000000000001,70.1045,3.5861905826011076,-0.9426607989265585,train
2020-12-09,134.09,54.92,79.17,70.3775,4.052598743886119,-0.9137101627760794,train
2020-12-10,133.43,53.68,79.75,70.66799999999999,4.504454637239374,-0.902946464720132,train
2020-12-11,134.4,52.84,81.56,71.1875,5.12218176684813,-0.8693563035455373,train
2020-12-14,134.09,53.91,80.18,71.493,5.4733219971248115,-0.8949664816786536,train
2020-12-15,141.03,55.41,85.62,72.13700000000001,6.320019237145916,-0.794010417153905,train
2020-12-16,145.23,54.47,90.75999999999999,73.321,7.4414061348079485,-0.6986217826580949,train
2020-12-17,144.54,54.44,90.1,74.338,8.272606411651926,-0.7108701287217593,train
2020-12-18,147.42,55.84,91.57999999999998,75.392,9.063002639418372,-0.6834041405789969,train
2020-12-21,166.87,61.71,105.16,77.2355,11.069987626579826,-0.4313851412690544,train
2020-12-22,160.56,58.51,102.05000000000001,78.876,12.196536350430277,-0.4891008325690483,train
2020-12-23,162.98,59.44,103.53999999999999,80.8155,12.89612405051666,-0.46144926342532155,train
2020-12-24,159.09,58.18,100.91,82.51950000000001,13.198908836478962,-0.5102570666790143,train
2020-12-25,160.08,58.92,101.16000000000001,84.3,13.191132188749025,-0.5056175416548987,train
2020-12-28,162.3,59.82,102.48000000000002,86.09200000000001,13.099869264112519,-0.48112084952756984,train
2020-12-29,157.42,56.71,100.70999999999998,87.7795,12.672440663440431,-0.5139686866983068,train
2020-12-30,175.2,59.18,116.01999999999998,90.1835,13.257689040108295,-0.22984417422148667,train
2020-12-31,181.37,61.94,119.43,92.717,13.779425967724368,-0.1665610528925537,train
2021-01-04,210.81,66.1,144.71,96.423,17.085786983399426,0.30258771754598396,train
2021-01-05,209.65,70.48,139.17000000000002,99.5835,18.855900451638494,0.19977584301158938,train
2021-01-06,212.3,69.28,143.02,102.854,20.449329007136157,0.2712245283829647,train
2021-01-07,215.88,72.19,143.69,106.08,21.574633740868602,0.2836584554475934,train
2021-01-08,211.03,73.01,138.01999999999998,108.9935,21.7654441900336,0.17843402790065843,train
2021-01-11,202.98,75.46,127.52,111.2915,21.133628546142027,-0.016426023112183285,train
2021-01-12,209.18,76.17,133.01,113.93299999999999,20.326534667250595,0.08545794641738828,train
2021-01-13,200.2,76.94,123.25999999999999,115.81499999999998,19.28282669276345,-0.09548352952310785,train
2021-01-14,191.32,71.83,119.49,117.25150000000001,18.36644918121922,-0.16544756688676626,train
2021-01-15,197.73,72.24,125.49,119.021,17.285906915598297,-0.05409896630799942,train
2021-01-18,199.59,71.07,128.52,120.86799999999998,16.13470160212037,0.002132076984278122,train
2021-01-19,189.71,69.24,120.47000000000001,121.6335,15.707759823864203,-0.147260628792234,train
2021-01-20,203.76,71.18,132.57999999999998,123.16,15.179017720108243,0.07747796337590987,train
2021-01-21,203.7,75.68,128.01999999999998,124.38399999999999,14.4847663716781,-0.007146973063952977,train
2021-01-22,212.98,78.15,134.82999999999998,126.08,13.547038130353602,0.11923368859294745,train
2021-01-25,206.84,83.84,123.0,127.172,12.25078583945543,-0.10030863554818757,train
2021-01-26,200.48,81.92,118.55999999999999,127.976,11.009796307690404,-0.18270659997647526,train
2021-01-27,203.27,82.84,120.43,128.962,9.168481823473252,-0.14800295279609257,train
2021-01-28,191.81,78.63,113.18,128.82,9.398580519922392,-0.28254917849543587,train
2021-01-29,183.04,79.51,103.52999999999999,128.025,10.802301168098715,-0.4616348444262862,train
2021-02-01,180.94,79.47,101.47,125.86300000000001,11.585831683114721,-0.499864530624996,train
2021-02-02,190.65,86.34,104.31,124.12,12.089780373260528,-0.4471595263510463,train
2021-02-03,197.97,84.84,113.13,122.62550000000002,11.461589159127234,-0.28347708350025913,train
2021-02-04,202.15,83.81,118.34,121.35799999999999,10.358098077806808,-0.18678938199769643,train
2021-02-05,193.78,80.18,113.6,120.13700000000001,9.70962956635221,-0.2747547764549224,train
2021-02-08,210.76,80.58,130.18,120.27000000000001,9.833510376044812,0.032938523144403556,train
2021-02-09,214.2,82.84,131.35999999999999,120.1875,9.727348789555956,0.054837081258227297,train
2021-02-10,215.57,86.16,129.41,120.495,9.924791128651519,0.018648786070128286,train
2021-02-18,206.87,83.51,123.36,120.6885,9.941877020170889,-0.09362771951346156,train
2021-02-19,201.59,82.96,118.63000000000001,120.34549999999999,9.885682083859939,-0.1814075329697226,train
2021-02-22,194.65,77.02,117.63000000000001,119.801,9.71008531590206,-0.19996563306618373,train
2021-02-23,195.5,72.18,123.32,119.9435,9.74128235100989,-0.09437004351732013,train
2021-02-24,179.09,66.84,112.25,118.92699999999999,9.408289793692418,-0.2998082115851448,train
2021-02-25,173.59,66.93,106.66,117.859,9.53328402023763,-0.4035479911243627,train
2021-02-26,165.33,62.93,102.4,116.2375,9.24851958281304,-0.482605497535287,train
2021-03-01,177.76,67.48,110.27999999999999,115.60149999999999,9.196216770755735,-0.33636766877517355,train
2021-03-02,180.53,67.64,112.89,115.31800000000001,9.187605266134804,-0.2879310275234097,train
2021-03-03,180.55,67.09,113.46000000000001,114.96950000000001,9.115401353867943,-0.2773529104684267,train
2021-03-04,167.18,63.34,103.84,114.50249999999998,9.445193639874685,-0.455881833396383,train
2021-03-05,164.09,62.63,101.46000000000001,114.399,9.582107174036887,-0.5000501116259604,train
2021-03-08,155.76,56.09,99.66999999999999,114.309,9.717431921957935,-0.5332691107986263,train
2021-03-09,152.98,54.07,98.91,114.03899999999999,10.07820049726886,-0.5473732668719365,train
2021-03-10,161.03,56.24,104.78999999999999,113.622,10.288144224248601,-0.4382516383047451,train
2021-03-11,170.36,58.17,112.19000000000001,113.3145,10.231458956004934,-0.3009216975909323,train
2021-03-12,176.01,57.74,118.26999999999998,113.54799999999997,10.291430569065081,-0.1880884490044491,train
2021-03-15,159.81,55.26,104.55000000000001,112.2665,9.689530581753147,-0.4427055823278954,train
2021-03-16,165.76,56.0,109.75999999999999,111.1865,8.590833104015315,-0.34601788082533325,train
2021-03-17,171.31,56.14,115.17,110.47449999999999,7.524973491822047,-0.24561855930347828,train
2021-03-18,172.87,56.69,116.18,110.1155,7.03307335305602,-0.22687487820605243,train
2021-03-19,162.15,54.23,107.92000000000002,109.58000000000001,6.752802926815952,-0.3801647850028213,train
2021-03-22,157.31,55.11,102.2,108.80850000000001,6.665560563941496,-0.48631711755457924,train
2021-03-23,155.15,53.5,101.65,107.725,5.899800621073084,-0.4965240726076328,train
2021-03-24,146.75,51.42,95.33,106.87899999999999,6.408018742990669,-0.6138112652172674,train
2021-03-25,148.28,50.91,97.37,106.4145,6.752189878690334,-0.5759527410204865,train
2021-03-26,160.55,54.17,106.38000000000001,106.6135,6.685972176681702,-0.4087442591513716,train
2021-03-29,159.42,53.21,106.20999999999998,106.41,6.630208379673161,-0.4118991361677705,train
2021-03-30,163.52,53.51,110.01000000000002,106.26599999999999,6.512289919835686,-0.34137835580121745,train
2021-03-31,165.3,52.01,113.29000000000002,106.25750000000001,6.502509535798574,-0.28050778748482486,train
2021-04-01,169.64,53.53,116.10999999999999,106.87100000000001,6.832853222328733,-0.2281739452128051,train
2021-04-02,170.98,55.8,115.17999999999999,107.55699999999999,6.948753845114485,-0.24543297830251384,train
2021-04-06,167.31,55.87,111.44,108.1455,6.740938147265293,-0.3148402726632784,train
2021-04-07,164.09,54.17,109.92,108.696,6.387315060665456,-0.34304858480989925,train
2021-04-08,164.01,54.0,110.00999999999999,108.957,6.325659607794069,-0.34137835580121795,train
2021-04-09,159.65,52.75,106.9,108.6925,6.293878291432209,-0.3990940471012118,train
2021-04-12,161.32,51.66,109.66,108.26199999999999,5.8855135267602146,-0.34787369083497927,train
2021-04-13,166.73,51.85,114.88,108.77849999999998,5.9948647102941415,-0.2510004083314521,train
2021-04-14,178.53,54.16,124.37,109.50900000000001,6.936890627575191,-0.07488403841603572,train
2021-04-15,173.53,52.34,121.19,109.80999999999999,7.315719916367081,-0.13389879672278227,train
2021-04-16,171.78,52.28,119.5,109.976,7.503134362594808,-0.16526198588580157,train
2021-04-19,188.53,55.86,132.67000000000002,111.2135,9.031540799360833,0.07914819238459196,train
2021-04-20,185.76,54.26,131.5,112.67849999999999,9.833295359724113,0.057435215271732135,train
2021-04-21,183.92,53.37,130.54999999999998,114.1235,10.242281959448036,0.039805020180093735,train
2021-04-22,187.62,53.41,134.21,116.0675,10.177042210676298,0.10772766653314197,train
2021-04-23,192.7,53.59,139.10999999999999,118.15449999999998,10.417900826537517,0.19866235700580115,train
2021-04-26,180.2,53.01,127.19,119.19499999999998,10.2172946774725,-0.02255019614401543,train
2021-04-27,179.98,52.16,127.82,120.27550000000001,9.909856589858952,-0.010858593083244994,train
2021-04-28,190.22,52.34,137.88,121.66900000000001,10.340520652675712,0.17583589388715412,train
2021-04-29,197.42,51.49,145.92999999999998,123.301,11.4632616374404,0.325228599663666,train
2021-04-30,201.96,50.03,151.93,125.09199999999998,12.978679926385828,0.4365772002424334,train
2021-05-06,199.65,47.18,152.47,126.9565,14.10907967269721,0.44659857429452227,train
2021-05-07,190.36,45.16,145.20000000000002,128.6445,14.174352477552047,0.3116811865932501,train
2021-05-10,190.87,46.18,144.69,130.38299999999998,13.886260949509976,0.3022165555440545,train
2021-05-11,189.98,46.03,143.95,132.08,13.32813565357101,0.2884835614726731,train
2021-05-12,187.15,48.42,138.73000000000002,133.6715,11.9970993314389,0.19161027896914654,train
2021-05-13,181.37,46.84,134.53,134.91500000000002,10.58284734344814,0.11366625856400941,train
2021-05-14,185.76,48.35,137.41,136.04149999999998,9.479563211678107,0.16711358684181743,train
2021-05-17,193.63,50.44,143.19,136.98250000000002,9.18966173995143,0.27437940539936284,train
2021-05-18,191.37,50.08,141.29000000000002,137.9875,8.440188246216383,0.23911901521608708,train
2021-05-19,194.67,54.77,139.89999999999998,139.0075,7.2350054559315,0.2133232560820053,train
2021-05-20,196.17,54.82,141.35,139.4415,7.093796604297873,0.24023250122187428,train
2021-05-21,194.96,54.91,140.05,139.869,6.843224770760347,0.21610697109647511,train
2021-05-24,201.85,55.0,146.85,140.684,6.642648805851832,0.3423020517524106,train
2021-05-25,206.05,56.02,150.03,141.475,6.771815818056052,0.4013168100591571,train
2021-05-26,200.43,55.9,144.53,141.746,6.78063527531396,0.2992472595286208,train
2021-05-27,199.65,56.33,143.32,142.5525,5.854169791469861,0.2767919584119027,train
2021-05-28,213.87,57.74,156.13,143.96800000000002,5.517359780489046,0.51452122064757,train
2021-05-31,227.48,56.74,170.73999999999998,145.611,7.960663751749005,0.7856550630568669,train
2021-06-01,222.61,60.33,162.28000000000003,146.4285,8.791320046380077,0.6286535362408067,train
2021-06-02,222.15,59.34,162.81,146.97250000000003,9.46079771589278,0.6384893292919305,train
2021-06-03,216.75,58.48,158.27,147.2625,9.72342850244165,0.5542355548539971,train
2021-06-04,226.43,60.31,166.12,148.3085,10.57759612278855,0.699916640611217,train
2021-06-07,212.7,60.63,152.07,148.6775,10.573445823331985,0.4391753342559377,train
2021-06-08,213.86,64.78,149.08,148.93400000000003,10.514787281677958,0.3836866149675192,train
2021-06-09,213.74,64.51,149.23000000000002,149.459,10.236950049491234,0.3864703299819885,train
2021-06-10,227.77,68.55,159.22000000000003,150.6935,9.822182346740487,0.5718657499456354,train
2021-06-11,237.41,72.85,164.56,152.05100000000002,9.76568207120107,0.6709660044607375,train
2021-06-15,233.53,74.62,158.91,152.83700000000002,9.64685664648766,0.566112738915732,train
2021-06-16,219.75,67.51,152.24,153.3845,9.25999629134795,0.4423302112723364,train
2021-06-17,227.71,74.54,153.17000000000002,154.048,8.701520496290092,0.45958924436204535,train
2021-06-18,236.31,78.84,157.47,154.854,8.195283881277378,0.539389074776828,train
2021-06-21,237.87,78.04,159.82999999999998,155.84300000000002,7.476738030647801,0.583186191004476,train
2021-06-22,236.44,76.47,159.97,156.499,7.217238063355367,0.5857843250179808,train
2021-06-23,246.56,78.28,168.28,157.4115,7.504289492647596,0.7400021368195729,train
2021-06-24,245.92,78.81,167.10999999999999,158.5405,7.154710980222294,0.7182891597067131,train
2021-06-25,250.88,78.84,172.04,159.97650000000002,6.813063516045549,0.8097805931822667,train
2021-06-28,260.7,81.72,178.98,161.119,7.954377080377101,0.938573807851707,train
2021-06-29,268.82,81.61,187.20999999999998,161.9425,9.670312069747386,1.0913069716455819,train
2021-06-30,283.42,80.84,202.58,163.9575,13.272194470117494,1.3765449701281902,train
2021-07-01,280.48,76.04,204.44,166.039,16.05538929030197,1.4110630363076078,train
2021-07-02,274.97,76.86,198.11,168.031,17.45153496491251,1.293590262697009,train
2021-07-05,274.93,80.36,194.57,169.45350000000002,18.4201860882647,1.227894588355536,train
2021-07-06,272.68,80.68,192.0,171.45,18.599943689784165,1.1802002711076311,train
2021-07-07,287.83,82.21,205.62,174.277,19.30439494546538,1.432961594421432,train
2021-07-08,297.09,81.16,215.92999999999998,177.612,20.475542946338454,1.624295606415946,train
2021-07-09,289.71,80.12,209.58999999999997,180.1305,21.179905192123726,1.5066372518043822,train
2021-07-12,300.77,86.0,214.76999999999998,182.641,22.18888007420268,1.602768210304051,train
2021-07-13,299.23,85.54,213.69,185.38,22.48440301514247,1.5827254621998732,train
2021-07-14,292.76,78.94,213.82,188.459,21.916574333738712,1.5851380152124133,train
2021-07-15,302.0,75.98,226.01999999999998,192.1015,21.796363114060515,1.8115468363892389,train
2021-07-16,281.45,71.48,209.96999999999997,194.7265,20.530692626816545,1.5136893298410374,train
2021-07-19,277.28,71.83,205.45,197.0075,18.920673704205917,1.4298067174050333,train
2021-07-20,279.8,73.01,206.79000000000002,199.3485,16.883753098295017,1.454674571534292,train
2021-07-21,295.21,77.59,217.61999999999998,201.8155,15.665979726447025,1.6556587955789652,train
2021-07-22,295.93,80.16,215.77,204.24849999999998,13.63992216176186,1.6213263104005127,train
2021-07-23,290.34,83.4,206.93999999999997,205.99349999999998,11.341257367866453,1.45745828654876,train
2021-07-26,286.32,80.03,206.29,207.359,9.394637832294245,1.4453955214860608,train
2021-07-27,261.45,76.75,184.7,207.2335,9.690087868265755,1.0447261404034647,train
2021-07-28,278.14,76.01,202.13,207.21099999999996,9.70197695534676,1.3681938250847825,train
2021-07-29,295.78,82.91,212.86999999999998,207.6325,9.758212128630053,1.5675078201207748,train
2021-07-30,292.22,85.41,206.81000000000003,208.06750000000002,9.501926051290058,1.4550457335362212,train
2021-08-02,293.11,94.24,198.87,208.28249999999997,9.225058479345401,1.3076944187703192,train
2021-08-03,281.45,90.54,190.90999999999997,208.22799999999998,9.328950186324372,1.1599719420024879,train
2021-08-04,302.56,99.87,202.69,208.0815,9.394834681046003,1.3785863611388007,train
2021-08-05,295.89,97.0,198.89,207.2295,9.418241245469837,1.308065580772248,train
2021-08-06,288.6,98.39,190.21000000000004,206.2605,10.132475914497373,1.1469812719349664,train
2021-08-09,273.11,95.08,178.03000000000003,204.4235,11.71533510314248,0.9209436127600696,train
2021-08-10,270.06,94.56,175.5,202.51399999999998,13.149963938312641,0.8739916195160223,train
2021-08-11,273.81,95.56,178.25,200.7355,13.923029568610314,0.9250263947812905,train
2021-08-12,265.33,100.22,165.10999999999999,197.69,14.739015892306417,0.6811729595137909,train
2021-08-13,265.36,97.23,168.13,195.598,15.833008691038598,0.7372184218051037,train
2021-08-16,251.45,92.36,159.08999999999997,193.28,17.608772933129227,0.5694531969330946,train
2021-08-17,253.11,90.66,162.45000000000002,191.06300000000002,18.582640201060876,0.6318084132572048,train
2021-08-18,261.45,91.78,169.67,188.6655,18.061884693580286,0.7657978959536537,train
2021-08-19,265.89,95.13,170.76,186.415,17.29475110516059,0.7860262250587964,train
2021-08-20,260.95,92.26,168.69,184.5025,17.018266927349174,0.7476109578591219,train
2021-08-23,276.39,93.83,182.56,183.316,16.228190676460503,1.0050118061970381,train
2021-08-24,277.0,96.64,180.36,183.099,16.237724075678692,0.9641839859848238,train
2021-08-25,281.02,95.96,185.06,182.2455,15.621690883275491,1.051407056438191,train
2021-08-26,275.89,91.39,184.5,180.827,13.886167331480499,1.0410145203841725,train
2021-08-27,268.39,93.28,175.10999999999999,179.24200000000002,12.504758083898466,0.8667539604784023,train
2021-08-30,267.13,91.22,175.91,178.094,11.631391915618657,0.8816004405555714,train
2021-08-31,261.37,89.56,171.81,177.139,11.303223992806716,0.8055122301600808,train
2021-09-01,257.95,85.99,171.95999999999998,175.60250000000002,9.60878538520505,0.8082959451745495,train
2021-09-02,260.61,86.23,174.38,174.377,7.89202202093547,0.8532065474079858,train
2021-09-03,256.72,81.93,174.79000000000002,173.606,6.96228214248475,0.8608153684475354,train
2021-09-06,273.17,89.76,183.41000000000003,173.875,7.240578270013631,1.0207861912790304,train
2021-09-07,272.01,89.21,182.8,174.24,7.505941506214918,1.009465750220189,train
2021-09-08,265.89,87.09,178.79999999999998,174.26749999999998,7.522395947399784,0.9352333498343438,train
2021-09-09,268.22,87.8,180.42000000000002,175.033,7.317664352710519,0.9652974719906114,train
2021-09-10,265.39,85.76,179.63,175.608,7.197530716921979,0.9506365729144068,train
2021-09-13,265.78,84.35,181.42999999999998,176.725,6.157503338886928,0.9840411530880365,train
2021-09-14,280.83,86.97,193.85999999999999,178.2955,6.328237864814077,1.2147183372870487,train
2021-09-15,278.31,84.28,194.03,179.5135,6.89923739111285,1.2178732143034474,train
2021-09-16,263.11,80.89,182.22000000000003,180.0865,6.603527187478801,0.9987020521642417,train
2021-09-17,265.89,82.27,183.62,180.833,6.069704839783186,1.0246833922992868,train
2021-09-22,260.51,79.63,180.88,180.749,6.056156415276769,0.9738341980349832,train
2021-09-23,260.33,80.53,179.79999999999998,180.721,6.059343285589104,0.953791449930805,train
2021-09-24,264.21,81.15,183.05999999999997,180.621,6.000180611315231,1.0142908562452682,train
2021-09-27,271.72,81.39,190.33000000000004,180.9125,6.331042048591594,1.1492082439465419,train
2021-09-28,264.46,79.51,184.95,181.40449999999998,6.238044966171869,1.04936566542758,train
2021-09-29,265.62,75.89,189.73000000000002,182.0955,6.361585763080996,1.1380733838886647,train
2021-09-30,278.52,80.4,198.11999999999998,183.411,6.826064520797276,1.293775843697973,train
2021-10-08,283.11,81.56,201.55,184.8905,7.396398465681786,1.3574301270288354,train
2021-10-11,275.89,82.48,193.40999999999997,185.84199999999998,7.194412012840813,1.2063671922436408,train
2021-10-12,267.0,82.9,184.1,186.3075,6.727734329661672,1.033591280345588,train
2021-10-13,276.59,87.63,188.95999999999998,186.58499999999998,6.716381779686751,1.123783646814389,train
2021-10-14,282.17,88.21,193.96000000000004,187.14299999999997,6.847677362663908,1.2165741472966958,train
2021-10-15,302.56,91.67,210.89,188.7475,8.378383762615908,1.530762781929782,train
2021-10-18,317.01,92.53,224.48,190.9505,11.34193220102347,1.782967362240689,train
2021-10-19,314.56,92.16,222.4,193.089,13.005267718160747,1.74436651404005,train
2021-10-20,313.95,94.09,219.85999999999999,195.0105,13.993445260661833,1.6972289397950384,train
2021-10-21,317.56,92.9,224.66,196.5505,15.47638420813711,1.786307820258052,train
2021-10-22,320.56,97.23,223.32999999999998,198.0155,16.573147423657844,1.7616255471297584,train
2021-10-25,325.76,103.01,222.75,200.042,17.012191789233533,1.7508618490738113,train
2021-10-26,318.66,103.56,215.10000000000002,201.616,16.86851704710291,1.608892383335884,train
2021-10-27,328.13,104.47,223.66,203.755,16.812965391718915,1.7677497201615908,train
2021-10-28,323.78,99.89,223.89,205.9595,16.391942974329304,1.7720180831837768,train
2021-10-29,341.57,101.0,240.57,208.83499999999998,17.188352390346083,2.0815671927927486,train
2021-11-01,347.56,97.89,249.67000000000002,211.802,18.865660979952573,2.2504459036705455,train
2021-11-02,352.0,101.85,250.15,215.06199999999998,19.600399190348927,2.2593537917168467,train
2021-11-03,342.0,98.23,243.76999999999998,217.76399999999998,19.649240349585206,2.1409531131014243,train
2021-11-04,345.81,105.56,240.25,219.8705,19.690696300269604,2.075628600761881,train
2021-11-05,338.72,101.89,236.83000000000004,221.63449999999997,19.542796350842515,2.012159898431985,train
2021-11-08,353.56,102.23,251.32999999999998,224.5305,19.431337813195025,2.2812523498306705,train
2021-11-09,354.93,104.12,250.81,227.86600000000004,17.781475399088713,2.271602137780511,train
2021-11-10,346.45,100.65,245.79999999999998,230.708,15.650540128563135,2.17862605629724,train
2021-11-11,350.81,101.22,249.59,233.4895,13.582551297043475,2.2489612556628282,train
2021-11-12,342.56,99.49,243.07,235.0985,12.637661457138273,2.1279624430339017,train
2021-11-15,330.89,95.54,235.34999999999997,235.642,12.388241708634604,1.9846939102892212,train
2021-11-16,328.1,95.06,233.04000000000002,236.17399999999998,12.01240911023072,1.9418246990663968,train
2021-11-17,334.16,96.18,237.98000000000002,237.08,11.384106649645428,2.0335017135429148,train
2021-11-18,334.22,95.69,238.53000000000003,237.7735,11.003796127269045,2.0437086685959684,train
2021-11-19,341.45,96.17,245.27999999999997,238.871,10.573626027451311,2.1689758442470803,train
2021-11-22,364.78,100.89,263.89,240.92800000000003,11.25229454962647,2.5143420870422224,train
2021-11-23,359.78,100.05,259.72999999999996,243.15949999999998,10.240544534759639,2.4371403906409435,train
2021-11-24,352.45,98.29,254.15999999999997,244.68449999999999,9.422186289479662,2.3337717731036554,train
2021-11-25,349.78,96.56,253.21999999999997,246.15099999999998,8.221298975349296,2.3163271590129817,train
2021-11-26,352.0,96.45,255.55,246.9,8.367163261978677,2.3595675322377367,train
2021-11-29,364.11,98.71,265.40000000000003,247.68649999999997,9.325642224249806,2.5423648181878797,train
2021-11-30,364.22,98.79,265.43,248.4505,10.12935674946187,2.5429215611907727,train
2021-12-01,359.78,99.0,260.78,249.301,10.425464725220456,2.456626395742228,train
2021-12-02,368.67,100.16,268.51,250.714,11.031652259698962,2.600080509487873,train
2021-12-03,368.11,99.53,268.58000000000004,252.30149999999998,11.211542583660695,2.6013795764946264,train
2021-12-06,351.6,97.81,253.79000000000002,252.4245,11.213817357921258,2.3269052760679654,train
2021-12-07,335.89,95.49,240.39999999999998,251.904,11.529842012884622,2.07841231577635,train
2021-12-08,341.45,97.49,243.95999999999998,251.81200000000004,11.588303813031997,2.144479152119752,train
2021-12-09,338.56,97.06,241.5,251.40750000000003,11.809038855223765,2.0988262258824575,train
2021-12-10,341.97,97.7,244.27000000000004,251.46749999999997,11.76742286099415,2.150232163149656,train
2021-12-13,352.2,96.69,255.51,252.4755,11.162010984159629,2.358825208233878,train
2021-12-14,348.12,95.03,253.09,253.478,10.18191926897743,2.3139146060004423,train
2021-12-15,347.0,95.01,251.99,254.17849999999999,9.519979696460831,2.2935006958943354,train
2021-12-16,350.37,92.63,257.74,255.13899999999998,8.799903647796384,2.4002097714489867,train
2021-12-17,348.22,90.22,258.0,255.775,8.504560077113743,2.4050348774740664,train
2021-12-20,325.45,87.39,238.06,254.4835,9.144546419068588,2.0349863615506316,train
2021-12-21,322.04,89.3,232.74,253.13400000000001,10.253787182252285,1.9362572690374582,train
2021-12-22,325.47,90.3,235.17000000000002,252.1845,11.00546394201177,1.981353452271859,train
2021-12-23,332.04,90.56,241.48000000000002,251.59750000000003,11.25752888421439,2.098455063880529,train
2021-12-24,306.89,87.23,219.65999999999997,249.80300000000003,13.274201770033219,1.6935173197757458,train
2021-12-27,307.89,86.24,221.64999999999998,247.61550000000003,14.144937898692554,1.7304479389677037,train
2021-12-28,311.45,87.51,223.94,245.541,14.434257459981337,1.7729459881886,train
2021-12-29,306.2,86.89,219.31,243.46750000000003,15.093494895413363,1.687021984741985,train
2021-12-30,314.22,86.27,227.95000000000005,241.4395,14.253103992500272,1.84736396957541,train
2021-12-31,313.11,86.6,226.51000000000002,239.336,13.094107714620339,1.8206403054365055,train
2022-01-04,302.49,87.56,214.93,237.39300000000003,13.705333614095604,1.6057375063194852,train
2022-01-05,290.61,81.65,208.96,235.821,15.07674573988823,1.4949456487436124,train
2022-01-06,287.26,80.57,206.69,233.95749999999998,16.27360823542139,1.4528187615246453,train
2022-01-07,286.39,79.39,207.0,232.2325,17.232284839493826,1.4585717725545484,train
2022-01-10,285.56,79.33,206.23000000000002,230.33050000000003,17.919348106974272,1.4442820354802737,train
2022-01-11,284.61,76.92,207.69,227.9395,17.56971840980883,1.4713768616211065,train
2022-01-12,300.36,82.56,217.8,226.175,16.659433395305104,1.658999253596329,train
2022-01-13,300.33,82.33,218.0,224.4755,15.586512548387088,1.6627108736156209,train
2022-01-14,307.22,81.61,225.61,222.869,13.492671266087841,1.8039380153496904,train
2022-01-17,323.58,86.06,237.51999999999998,221.84500000000003,11.282227523619284,2.024964987498542,train
2022-01-18,312.45,85.92,226.52999999999997,221.2685,10.689051100122422,1.821011467438434,train
2022-01-19,303.11,81.55,221.56,220.70950000000002,10.344336093268723,1.7287777099590225,train
2022-01-20,302.63,80.92,221.70999999999998,220.0365,9.776278634907259,1.7315614249734914,train
2022-01-21,302.83,80.69,222.14,219.0695,8.403746329369822,1.7395414080149698,train
2022-01-24,309.22,81.03,228.19000000000003,219.496,8.648190805625305,1.8518179135985604,train
2022-01-25,300.67,77.33,223.34000000000003,219.58049999999997,8.678547947304315,1.761811128130724,train
2022-01-26,312.83,80.39,232.44,220.00550000000004,9.101115301808775,1.9306898390085196,train
2022-01-27,305.88,77.65,228.23,220.45149999999998,9.282003115819396,1.8525602376024182,train
2022-01-28,315.67,72.83,242.84000000000003,221.196,10.440023895918253,2.1236940800117163,train
2022-02-07,308.36,78.69,229.67000000000002,221.35399999999998,10.548032193630737,1.8792839017413228,train
2022-02-08,286.92,76.22,210.70000000000002,221.14249999999998,10.72455121131818,1.5272367429114548,train
2022-02-09,290.45,78.95,211.5,221.26949999999997,10.586848581835511,1.5420832229886234,train
2022-02-10,274.28,77.27,197.01,220.7855,11.472673012537548,1.2731763525909015,train
2022-02-11,258.66,73.96,184.70000000000005,219.6705,13.742138604344975,1.0447261404034658,train
2022-02-14,268.67,74.55,194.12,219.065,14.60520725451523,1.2195434433121288,train
2022-02-15,279.22,76.66,202.56000000000003,218.8085,14.858345262758712,1.3761738081262613,train
2022-02-16,281.33,77.43,203.89999999999998,218.11350000000002,15.228477228015494,1.4010416622555184,train
2022-02-17,283.67,79.03,204.64000000000001,217.44549999999998,15.52387243977133,1.4147746563269004,train
2022-02-18,279.5,78.21,201.29000000000002,216.2295,15.800715665003658,1.3526050210037557,train
2022-02-21,269.78,77.86,191.91999999999996,213.9495,15.856740381499993,1.1787156230999136,train
2022-02-22,266.45,76.38,190.07,212.1265,16.420114518158844,1.144383137921461,train
2022-02-23,274.78,81.23,193.54999999999995,210.72600000000003,16.764075751124818,1.2089653262571451,train
2022-02-24,268.5,78.85,189.65,209.123,17.185991572084728,1.1365887358809477,train
2022-02-25,280.22,79.84,200.38000000000002,208.035,17.00639307034669,1.335717149915976,train
2022-02-28,282.76,80.43,202.32999999999998,206.74200000000002,16.3643011975516,1.3719054451040744,train
2022-03-01,284.32,81.15,203.17,205.7335,15.902566583647651,1.387494249185102,train
2022-03-02,271.91,80.09,191.82000000000002,203.70250000000001,14.872776215905354,1.1768598130902685,train
2022-03-03,271.44,78.96,192.48000000000002,201.91500000000002,13.885306698277947,1.189108159153933,train
2022-03-04,259.66,75.16,184.50000000000003,198.998,10.566784901656437,1.0410145203841732,train
2022-03-07,239.16,71.76,167.39999999999998,195.8845,10.221922506887951,0.7236710087346867,train
2022-03-08,239.47,69.29,170.18,193.8585,11.108069743255724,0.7752625270028493,train
2022-03-09,249.48,71.76,177.71999999999997,192.1695,10.849616279898273,0.9151906017301655,train
2022-03-10,259.12,73.59,185.53,191.59550000000002,10.883672694259534,1.0601293634835276,train
2022-03-11,260.64,73.84,186.79999999999998,191.70049999999998,10.823611361034633,1.083698150606033,train
2022-03-14,243.67,70.23,173.44,190.66649999999998,11.544124627750428,0.8357619333173124,train
2022-03-15,243.78,68.16,175.62,189.3195,11.65450691002288,0.8762185915275977,train
2022-03-16,265.95,73.7,192.25,188.737,11.168408971171772,1.1848397961317465,train
2022-03-17,277.83,75.53,202.29999999999998,188.62,11.004089192084463,1.3713487021011805,train
2022-03-18,270.06,75.39,194.67000000000002,188.28900000000002,10.698233941808615,1.2297503983651827,train
2022-03-21,275.33,79.02,196.31,188.5085,10.820985106920359,1.2601856825233788,train
2022-03-22,271.45,78.83,192.62,188.636,10.855320500007192,1.1917062931674371,train
2022-03-23,272.72,79.62,193.10000000000002,188.6135,10.845060614714138,1.200614181213739,train
2022-03-24,272.0,79.59,192.41,188.75150000000002,10.876458534980012,1.1878090921471802,train
2022-03-25,265.37,75.66,189.71,188.21800000000002,10.532290998837446,1.1377022218867354,train
2022-03-28,257.0,74.03,182.97,187.25,10.045439918583792,1.012620627236587,train
2022-03-29,256.95,74.23,182.71999999999997,186.22750000000002,9.356874126599916,1.0079811022124712,train
2022-03-30,274.78,76.23,198.54999999999995,186.564,9.683882648910863,1.301755826739451,train
2022-03-31,271.06,73.83,197.23000000000002,186.80149999999998,9.89260876401553,1.2772591346121234,train
2022-04-01,274.72,75.88,198.84000000000003,187.5185,10.230905848147865,1.307137675767426,train
2022-04-06,268.76,77.86,190.89999999999998,188.6935,9.08389336596331,1.1597863610015235,train
2022-04-07,261.57,77.23,184.33999999999997,189.4015,8.05900364417486,1.0380452243687384,train
2022-04-08,261.45,78.55,182.89999999999998,189.6605,7.7407795575042835,1.0113215602298344,train
2022-04-11,241.45,74.89,166.56,188.712,9.282277170698249,0.7080822046536598,train
2022-04-12,248.67,76.61,172.06,187.975,9.99953341016642,0.810151755184196,train
2022-04-13,245.33,76.23,169.10000000000002,187.75799999999998,10.371723502920547,0.7552197788986714,train
2022-04-14,241.89,77.66,164.23,187.1885,11.340726457283475,0.6648418314289051,train
2022-04-15,236.92,75.96,160.95999999999998,185.624,12.684411651604139,0.604156844113477,train
2022-04-18,237.0,76.93,160.07,183.5125,13.26400148998404,0.5876401350276268,train
2022-04-19,231.03,78.85,152.18,181.38799999999998,14.707153146826005,0.44121672526654865,train
2022-04-20,212.56,77.82,134.74,178.3095,17.5821878990009,0.1175634595842664,train
2022-04-21,213.73,75.24,138.49,175.603,19.34157319568901,0.18715633494599568,train
2022-04-22,217.19,75.69,141.5,173.023,20.30241652715486,0.24301621623634354,train
2022-04-25,203.17,73.06,130.10999999999999,169.908,21.88868912426996,0.03163945613765087,train
2022-04-26,195.89,74.5,121.38999999999999,166.492,23.876519538306784,-0.13018717670349025,train
2022-04-27,212.58,75.56,137.02,164.1945,24.412226978557687,0.15987592780419782,train
2022-04-28,201.72,74.55,127.17,161.417,25.336170337452536,-0.02292135814594458,train
2022-04-29,213.86,78.23,135.63,158.27100000000002,24.370681674158146,0.13408016867011657,train
2022-05-05,195.33,80.16,115.17000000000002,154.168,24.374137199304442,-0.245618559303478,train
2022-05-06,195.33,77.92,117.41000000000001,150.0965,23.29659276533106,-0.20404841508740515,train
2022-05-09,191.17,74.8,116.36999999999999,146.36999999999998,22.36857358461908,-0.2233488391877251,train
2022-05-10,197.1,75.0,122.1,143.25799999999998,21.101670824343273,-0.1170109256350027,train
2022-05-11,214.08,81.46,132.62,140.744,19.02298426972774,0.0782202873797687,train
2022-05-12,210.62,81.92,128.7,138.851,18.1840412681587,0.005472535001640726,train
2022-05-13,216.89,87.25,129.64,136.73,16.50288619095377,0.022917149092314158,train
2022-05-16,212.56,86.27,126.29,134.5895,14.768568499563855,-0.039252486230830295,train
2022-05-17,221.2,91.39,129.81,132.86849999999998,13.036687614089812,0.026072026108712846,train
2022-05-18,219.22,91.03,128.19,131.23,11.258240490741132,-0.0039920960475542866,train
2022-05-19,219.22,92.06,127.16,129.5845,8.999641791116806,-0.023106939146909283,train
2022-05-20,223.61,93.13,130.48000000000002,128.4995,7.274968963579702,0.03850595317334211,train
2022-05-23,217.95,95.63,122.32,127.87849999999999,7.244263992254085,-0.11292814361378127,train
2022-05-24,209.8,90.89,118.91000000000001,126.89950000000002,7.055304443429019,-0.17621126494271344,train
2022-05-25,208.1,92.96,115.14,125.5815,6.6337964640401506,-0.24617530230637213,train
2022-05-26,203.12,92.77,110.35000000000001,124.59349999999999,7.356008124404961,-0.33506860176842085,train
2022-05-27,205.56,93.52,112.04,124.126,7.8507897021487265,-0.30370541260540157,train
2022-05-30,209.67,96.6,113.07,122.92850000000001,7.603194809801059,-0.28459056950604683,train
2022-05-31,213.11,95.86,117.25000000000001,122.4325,7.63543530968716,-0.20701771110283887,train
2022-06-01,222.57,97.22,125.35,121.9185,7.0215887203603184,-0.05669710032150399,train
2022-06-02,229.11,97.57,131.54000000000002,122.737,7.146525176983533,0.05817753927559096,train
2022-06-06,245.33,103.3,142.03000000000003,123.968,8.22038326677216,0.2528520092874685,train
2022-06-07,241.45,102.19,139.26,125.1125,8.687066535948475,0.20144607202027043,train
2022-06-08,242.0,106.36,135.64,125.78950000000002,8.963152332569035,0.13426574967108101,train
2022-06-09,226.08,104.7,121.38000000000001,125.22749999999999,8.864164920444447,-0.13037275770445445,train
2022-06-10,238.67,113.49,125.17999999999999,125.0515,8.826453823889807,-0.059851977337902415,train
2022-06-13,232.57,113.49,119.08,124.52350000000001,8.853331977581048,-0.17305638792631528,train
2022-06-14,231.9,111.76,120.14,124.21600000000001,8.895450285930991,-0.1533848018240664,train
2022-06-15,245.15,108.89,136.26,124.53850000000003,9.219934509985256,0.145771771730887,train
2022-06-16,242.17,109.23,132.94,124.77600000000002,9.378756173844002,0.08415887941063614,train
2022-06-17,256.48,109.89,146.59000000000003,125.74749999999999,10.569447466014383,0.33747694572733133,train
2022-06-20,267.85,111.29,156.56,127.05149999999999,12.598154532770835,0.5225012036890484,train
2022-06-21,268.58,110.89,157.69,128.82,14.270571854436193,0.5434718567980494,train
2022-06-22,268.11,110.52,157.59000000000003,130.754,15.43071591612667,0.5416160467884039,train
2022-06-23,284.76,115.06,169.7,133.482,17.241606836828844,0.7663546389565475,train
2022-06-24,299.5,114.24,185.26,137.22750000000002,19.88583676759318,1.055118676457483,train
2022-06-27,291.45,113.79,177.65999999999997,140.5085,20.89895647734825,0.9140771157243779,train
2022-06-28,288.67,114.86,173.81,143.5455,21.113991987105823,0.842628430353003,train
2022-06-29,282.3,107.76,174.54000000000002,146.41,21.244579494419888,0.85617584342342,train
2022-06-30,283.11,108.39,174.72000000000003,148.8785,21.53500657436359,0.8595163014407832,train
2022-07-01,276.8,106.96,169.84000000000003,150.79350000000002,21.614797629839956,0.7689527729700529,train
2022-07-04,276.45,109.28,167.17,152.0505,21.80847239395465,0.7194026457125008,train
2022-07-05,277.48,108.52,168.96000000000004,153.5355,21.902667099068516,0.7526216448851671,train
2022-07-06,276.45,109.26,167.19,155.113,21.680983688112416,0.7197738077144302,train
2022-07-07,292.0,113.69,178.31,157.95950000000002,20.735642204464366,0.9261398807870782,train
2022-07-08,287.0,109.89,177.11,160.55599999999998,19.63720968494531,0.9038701606713251,train
2022-07-11,274.5,105.33,169.17000000000002,163.0605,17.09920295926356,0.7565188459054236,train
2022-07-12,266.27,100.23,166.03999999999996,165.3555,13.796719089390795,0.6984319926034993,train
2022-07-13,285.89,100.52,185.37,167.81099999999998,12.670068707493733,1.0571600674680939,train
2022-07-14,295.34,104.89,190.45,170.6865,10.714598636782783,1.1514352159581163,train
2022-07-15,282.56,109.96,172.60000000000002,171.98700000000002,9.091476690891929,0.8201731292362855,train
2022-07-18,292.92,109.59,183.33,173.3255,8.661116054860802,1.0193015432713133,train
2022-07-19,277.9,107.59,170.30999999999997,173.9565,7.88718098862618,0.7776750800153885,train
2022-07-20,278.67,107.79,170.88,174.621,6.938512581388237,0.7882531970703718,train
2022-07-21,275.89,105.39,170.5,174.661,6.910901304611638,0.7812011190337167,train
2022-07-22,282.0,107.1,174.9,174.143,6.44736755746331,0.8628567594581458,train
2022-07-25,276.31,104.88,171.43,173.8315,6.4189393081788175,0.7984601521234257,train
2022-07-26,276.45,105.56,170.89,173.6855,6.452573925429746,0.7884387780713362,train
2022-07-27,272.67,105.83,166.84000000000003,173.3005,6.626282179796891,0.7132784726806695,train
2022-07-28,272.89,105.7,167.19,172.924,6.754074325914556,0.7197738077144302,train
2022-07-29,269.0,104.05,164.95,172.6795,6.957052063987367,0.6782036634983571,train
2022-08-01,283.62,107.44,176.18,173.13000000000002,6.872717994473296,0.8866111275816161,train
2022-08-02,277.48,106.13,171.35000000000002,173.2495,6.816947514909492,0.796975504115709,train
2022-08-03,266.45,104.59,161.85999999999999,172.983,7.1617677176855885,0.6208591342002922,train
2022-08-04,264.72,106.2,158.52000000000004,171.9935,7.731503070996001,0.5588750798781129,train
2022-08-05,267.36,105.43,161.93,171.2345,7.944943757873194,0.6221582012070448,train
2022-08-08,265.06,104.38,160.68,170.81,8.280769732844885,0.5989605760864684,train
2022-08-09,270.65,103.84,166.80999999999997,170.8485,8.259187085650037,0.7127217296777746,train
2022-08-10,266.43,100.05,166.38,169.899,7.564222505006202,0.7047417466362966,train
2022-08-11,269.78,102.27,167.51,168.752,5.822747226450534,0.7257123997452977,train
2022-08-12,265.33,101.24,164.08999999999997,168.3265,5.837670114729049,0.6622436974154002,train
2022-08-15,273.17,102.33,170.84000000000003,167.702,4.706670071066645,0.787510873066514,train
2022-08-16,277.45,103.57,173.88,167.8805,4.875453528159495,0.8439274973597553,train
2022-08-17,290.33,106.57,183.76,168.52450000000002,6.010944820205761,1.0272815263127912,train
2022-08-18,289.11,105.94,183.17000000000002,169.158,6.840511369002544,1.0163322472558796,train
2022-08-19,282.0,103.73,178.26999999999998,169.32649999999998,7.028324105846387,0.9253975567832193,train
2022-08-22,292.85,104.96,187.89000000000004,170.14950000000002,8.160178322998652,1.1039264797111767,train
2022-08-23,295.83,104.47,191.35999999999999,171.173,9.441140709401367,1.1683230870458958,train
2022-08-24,277.56,100.43,177.13,171.6875,9.472909781942446,0.904241322673254,train
2022-08-25,272.0,100.46,171.54000000000002,171.905,9.413966388184816,0.8005015431340367,train
2022-08-26,267.99,102.51,165.48000000000002,171.9315,9.394082838063532,0.6880394565494821,train
2022-08-29,265.33,101.78,163.54999999999998,171.3,9.517161783905511,0.6522223233633114,train
2022-08-30,259.5,100.88,158.62,170.6635,9.930358171840112,0.5607308898877583,train
2022-08-31,254.78,93.26,161.51999999999998,170.6465,9.9465001911532,0.6145493801674953,train
2022-09-01,246.19,92.83,153.36,170.3885,10.336863656986923,0.46311528338037294,train
2022-09-02,245.48,91.26,154.21999999999997,170.003,10.802207912711781,0.47907524946332875,train
2022-09-05,246.65,86.85,159.8,169.959,10.843893212309835,0.5826294480015827,train
2022-09-06,239.33,88.24,151.09000000000003,169.173,11.62569164892003,0.4209883961614065,train
2022-09-07,249.73,91.5,158.23,168.76550000000003,11.869032450699976,0.5534932308501382,train
2022-09-08,236.17,90.02,146.14999999999998,167.6975,12.903848416164392,0.32931138168488744,train
2022-09-09,237.68,90.5,147.18,166.852,13.683130451302015,0.34842622478424295,train
2022-09-13,240.28,92.2,148.07999999999998,165.714,14.267954672141908,0.3651285148710576,train
2022-09-14,227.72,90.04,137.68,163.904,15.426593033834779,0.1721242738678621,train
2022-09-15,216.64,87.1,129.54,161.19299999999998,16.48164692205058,0.02106133908266815,train
2022-09-16,214.22,85.92,128.3,158.4495,17.182724027347405,-0.001950705036943308,train
2022-09-19,216.26,87.38,128.88,155.98000000000002,17.7248095528328,0.008812993019003859,train
2022-09-20,220.34,88.67,131.67000000000002,153.169,16.833397536788635,0.06059009228813082,train
2022-09-21,219.95,87.26,132.69,150.2355,14.819316510625201,0.07951935438652084,train
2022-09-22,217.0,86.78,130.22,147.89000000000001,14.02987301589324,0.033680847148261854,train
2022-09-23,218.3,86.06,132.24,145.925,13.274996084843721,0.07116820934311355,train
2022-09-26,224.59,88.25,136.34,144.46800000000002,12.59762325119037,0.14725641973860412,train
2022-09-27,225.06,88.58,136.48000000000002,143.1145,11.872897697564289,0.14985455375210896,train
2022-09-28,218.36,85.8,132.56,141.8115,11.505991699979,0.07710680137398099,train
2022-09-29,219.59,85.45,134.14,140.4425,10.633395197256553,0.10642859952638929,train
2022-09-30,209.52,81.27,128.25,139.18699999999998,10.509600673468803,-0.002878610041766576,train
2022-10-10,205.06,81.0,124.06,137.67900000000003,10.402267414771071,-0.08063704944593872,train
2022-10-11,218.09,82.27,135.82,136.48,9.006726725940828,0.13760620768844414,train
2022-10-12,230.05,84.71,145.34000000000003,136.1925,8.59833452355366,0.3142793206067549,train
2022-10-13,226.81,83.32,143.49,135.45549999999997,7.113495310064062,0.2799468354283014,train
2022-10-14,229.54,85.44,144.1,135.353,6.964494238635542,0.2912672764871424,train
2022-10-17,225.34,84.15,141.19,135.05349999999999,6.545299860445327,0.23726320520644056,train
2022-10-18,225.44,88.49,136.95,134.497,5.8114733162298045,0.15857686079744515,train
2022-10-19,226.44,86.43,140.01,134.6135,5.9012998345135745,0.21536464709261627,train
2022-10-20,217.36,85.1,132.26000000000002,134.7495,5.808841242359372,0.07153937134504296,train
2022-10-21,216.25,86.03,130.22,134.8455,5.711696655477978,0.033680847148261854,train
2022-10-24,211.26,82.45,128.81,134.842,5.7155647140057635,0.0075139260122517055,train
2022-10-25,209.97,83.23,126.74,134.5955,5.960622958434751,-0.030901341187422996,train
2022-10-26,209.62,83.22,126.4,134.281,6.226465500712816,-0.037211095220219585,train
2022-10-27,203.64,82.26,121.37999999999998,133.839,6.815791956918001,-0.13037275770445497,train
2022-10-28,189.86,77.23,112.63000000000001,132.8585,8.30561843763409,-0.29275613354848945,train
2022-10-31,193.96,79.49,114.47000000000001,131.76500000000001,9.213216764946074,-0.25860922937100084,train
2022-11-01,201.36,84.54,116.82000000000001,130.78199999999998,9.718620001668498,-0.2149976941443173,train
2022-11-02,204.31,86.45,117.86,130.047,10.12446806919749,-0.19569727004399784,train
2022-11-03,200.21,86.59,113.62,129.02100000000002,10.710625270459229,-0.274383614452993,train
2022-11-04,211.47,90.66,120.81,128.64900000000003,10.866875743333132,-0.14095087475943743,train
2022-11-07,214.86,90.22,124.64000000000001,128.678,10.854751857814447,-0.06987335138999103,train
2022-11-08,214.47,89.4,125.07,128.1405,10.74811732596091,-0.06189336834851313,train
2022-11-09,207.4,87.14,120.26,126.8865,10.077979264347663,-0.151157829812491,train
2022-11-10,200.86,84.02,116.84000000000002,125.55400000000002,9.51312799296407,-0.21462653214238786,train
2022-11-11,210.41,86.86,123.55,124.52649999999998,8.455578211732623,-0.09010168049513399,train
2022-11-14,201.91,85.19,116.72,123.30300000000003,7.649456189821016,-0.21685350415396357,train
2022-11-15,206.91,86.26,120.64999999999999,122.48800000000001,6.955810596373575,-0.1439201707748714,train
2022-11-16,200.18,84.29,115.89,121.28200000000001,5.743220809193186,-0.23225672723402627,train
2022-11-17,195.21,82.93,112.28,120.28299999999999,5.464077039604115,-0.299251468582251,train
2022-11-18,198.36,82.16,116.20000000000002,119.58200000000002,5.001923419518643,-0.22650371620412302,train
2022-11-21,199.25,82.0,117.25,119.00399999999999,4.524588262744005,-0.20701771110283912,train
2022-11-22,195.14,80.76,114.37999999999998,118.38600000000001,4.247991971445598,-0.26027945837968297,train
2022-11-23,197.65,81.1,116.55000000000001,117.89349999999999,3.819333470369854,-0.22000838117036173,train
2022-11-24,196.04,80.39,115.64999999999999,117.607,3.758462871692032,-0.23671067125717712,train
2022-11-25,193.59,78.95,114.64,117.70750000000001,3.643490048955104,-0.2554543523546027,train
2022-11-28,192.54,78.97,113.57,117.6625,3.690830565489382,-0.27531151945781623,train
2022-11-29,196.75,80.03,116.72,117.6575,3.6920994954366146,-0.21685350415396357,train
2022-11-30,200.7,83.77,116.92999999999999,117.61100000000002,3.6952699495426304,-0.21295630313370684,train
2022-12-01,206.39,86.15,120.23999999999998,117.94200000000001,3.614573717312658,-0.15152899181442067,train
2022-12-02,204.52,84.62,119.9,117.89649999999999,3.58215353486714,-0.157838745847217,train
2022-12-05,204.76,85.05,119.71,117.65,3.247698780431126,-0.16136478486554484,train
2022-12-06,209.04,86.46,122.58,117.52550000000001,2.9854197888709533,-0.10810303758870128,train
2022-12-07,219.2,88.51,130.69,118.047,4.165833586891932,0.042403154193598566,train
2022-12-08,220.4,88.69,131.71,118.7905,5.149829302229133,0.06133241629198912,train
2022-12-09,222.7,88.83,133.87,119.3065,6.084092524123681,0.10141791250034513,train
2022-12-12,217.0,87.22,129.78,119.95949999999998,6.479861495432774,0.025515283105818992,train
2022-12-13,212.04,87.2,124.83999999999999,120.16900000000001,6.570460930718443,-0.06616173137069926,train
2022-12-14,210.31,86.06,124.25,120.58699999999999,6.549802809405591,-0.07711101042761115,train
2022-12-15,222.25,87.75,134.5,121.69800000000001,6.939502939881462,0.11310951556111556,train
2022-12-16,219.04,87.43,131.60999999999999,122.46849999999999,7.149249702995494,0.05947660628234259,train
2022-12-19,220.36,86.1,134.26000000000002,123.31899999999999,7.49899424835315,0.10865557153796525,train
2022-12-20,214.32,84.46,129.86,124.093,7.324654904749818,0.026999931113536116,train
2022-12-21,212.82,84.2,128.62,124.69649999999999,7.16597756580883,0.003987886993924131,train
2022-12-22,210.14,83.66,126.47999999999999,125.23799999999999,6.848552363359378,-0.03572644721250299,train
2022-12-23,208.19,81.32,126.87,125.8495,6.382615760592158,-0.028488788174882866,train
2022-12-26,211.21,84.74,126.47000000000001,126.49449999999999,5.690695522192929,-0.035912028213467166,train
2022-12-27,211.01,84.64,126.36999999999999,126.977,5.206851862284948,-0.0377678382231137,train
2022-12-28,205.7,82.14,123.55999999999999,127.30849999999998,4.7220125894291645,-0.08991609949416955,train
2022-12-29,205.67,82.18,123.48999999999998,127.471,4.517450258950939,-0.09121516650092197,train
2022-12-30,205.37,82.92,122.45,127.59849999999999,4.32438042413271,-0.11051559060124114,train
2023-01-03,203.27,84.09,119.18,127.572,4.376574724117034,-0.171200577916669,train
2023-01-04,200.15,83.63,116.52000000000001,127.269,4.916803518760531,-0.22056512417325558,train
2023-01-05,213.2,85.62,127.57999999999998,127.1135,4.851663062669844,-0.015312537106395836,train
2023-01-06,218.29,86.0,132.29,127.1425,4.882221102605611,0.0720961143479363,train
2023-01-09,218.25,85.06,133.19,127.1085,4.835044521646776,0.08879840443475143,train
2023-01-10,226.81,86.13,140.68,127.65350000000001,5.690637070060651,0.22779857415724553,train
2023-01-11,224.51,86.93,137.57999999999998,128.2905,6.060171506170508,0.1702684638582156,train
2023-01-12,227.64,89.7,137.94,128.975,6.34617290390878,0.17694937989294185,train
2023-01-13,230.97,90.12,140.85,129.2925,6.78108117058743,0.23095345117364371,train
2023-01-16,234.94,88.53,146.41,130.0325,7.781097794959704,0.3341364877099677,train
2023-01-17,234.37,87.26,147.11,130.675,8.632488511126246,0.3471271577774908,train
2023-01-18,235.97,86.93,149.04,131.634,9.55343057699501,0.3829442909636604,train
2023-01-19,235.01,87.43,147.57999999999998,132.58200000000002,10.160059365760555,0.355849464822827,train
2023-01-20,237.92,87.29,150.63,133.7895,10.810920636097048,0.4124516701170337,train
2023-01-30,248.28,91.26,157.01999999999998,135.29699999999997,11.847650488820634,0.5310379297334201,train
2023-01-31,245.25,92.53,152.72,136.6095,12.26497257919517,0.4512380993186375,train
2023-02-01,251.7,98.71,152.99,137.9405,12.536690772540567,0.45624878634468224,train
2023-02-02,245.75,98.14,147.61,139.143,12.234515498117279,0.35640620782572136,train
2023-02-03,240.25,95.6,144.65,140.201,11.713481616450965,0.30147423154019626,train
2023-02-06,237.14,93.92,143.21999999999997,141.2395,10.95289938783275,0.27493614840225616,train
2023-02-07,235.75,93.6,142.15,142.38799999999998,9.64414335504291,0.2550789812990434,train
2023-02-08,235.26,92.48,142.77999999999997,143.70099999999996,7.482264574170116,0.2667705843598133,train
2023-02-09,238.47,93.37,145.1,144.577,6.449905833664858,0.30982537658360354,train
2023-02-10,234.56,91.22,143.34,145.12949999999998,5.780544023750032,0.2771631204138321,train
2023-02-13,242.36,91.37,150.99,146.0195,5.185155405475613,0.41913258615175997,train
2023-02-14,237.39,91.25,146.14,146.2925,5.030666875326951,0.329125800683923,train
2023-02-15,236.03,90.26,145.76999999999998,146.702,4.598947934609449,0.3222593036482323,train
2023-02-16,233.03,89.6,143.43,146.9765,4.194497993924648,0.2788333494225137,train
2023-02-17,220.25,87.82,132.43,146.5555,5.154478354329228,0.07469424836144112,train
2023-02-20,220.4,88.2,132.2,145.84499999999997,6.073095542939353,0.07042588533925472,train
2023-02-21,217.37,88.85,128.52,144.9155,7.189331624741775,0.002132076984278122,train
2023-02-22,214.29,87.4,126.88999999999999,143.808,8.160944604767977,-0.02811762617295398,train
2023-02-23,216.38,87.41,128.97,142.8775,8.74805534781346,0.010483222027685426,train
2023-02-24,212.03,86.46,125.57000000000001,141.6245,9.352987406226937,-0.0526143183002823,train
2023-02-27,209.64,83.87,125.76999999999998,140.062,9.255452788263634,-0.048902698280990545,train
2023-02-28,211.2,84.2,126.99999999999999,138.776,9.190726676498073,-0.026076235162343267,train
2023-03-01,215.57,85.76,129.81,137.61700000000002,8.755165152188372,0.026072026108712846,train
2023-03-02,209.47,85.17,124.3,136.45149999999998,8.90511400973084,-0.07618310542278814,train
2023-03-03,210.32,85.19,125.13,135.47549999999998,9.028112511832399,-0.060779882342725425,train
2023-03-06,213.71,85.35,128.36,134.73250000000002,8.968487448017772,-0.0008372190311555974,train
2023-03-07,210.25,84.16,126.09,133.9295,8.988351804301171,-0.04296410625012258,train
2023-03-08,207.77,82.93,124.84,133.0325,8.953724232495025,-0.066161731370699,train
2023-03-09,207.37,82.62,124.75,132.015,8.661723117741126,-0.06783196037938057,train
2023-03-10,212.25,78.31,133.94,131.54500000000002,8.260608808963598,0.10271697950709728,train
2023-03-13,204.59,77.43,127.16,130.3535,6.917720399546827,-0.023106939146909283,train
2023-03-14,201.94,77.26,124.67999999999999,129.28050000000002,5.934691474266186,-0.06913102738613298,train
2023-03-15,202.36,76.8,125.56000000000002,128.27,4.534702450633421,-0.05279989930124674,train
2023-03-16,200.76,75.53,125.22999999999999,127.36000000000001,2.842913627729201,-0.05892407233307941,train
2023-03-17,195.69,76.57,119.12,126.69449999999999,3.1363395945948436,-0.1723140639224567,train
2023-03-20,197.89,75.79,122.09999999999998,126.1895,3.013952598026359,-0.11701092563500297,train
2023-03-21,205.57,77.1,128.47,126.18700000000001,3.011937826993803,0.001204171979454854,train
2023-03-22,208.59,78.33,130.26,126.3555,3.14467716525498,0.03442317115212015,train
2023-03-23,208.13,79.09,129.04,126.359,3.147777662179811,0.011782289034437577,train
2023-03-24,205.46,79.27,126.19000000000001,126.38999999999999,3.1426472247039188,-0.04110829624047631,train
2023-03-27,207.09,78.48,128.61,126.532,3.17713144369542,0.003802305992959688,train
2023-03-28,204.92,78.93,125.98999999999998,126.48149999999998,3.1773280317028143,-0.04481991625976912,train
2023-03-29,209.13,79.83,129.3,126.45599999999999,3.151147493581925,0.016607395059517832,train
2023-03-30,209.09,83.0,126.09,126.54550000000002,3.1118643506480064,-0.04296410625012258,train
2023-03-31,212.39,82.6,129.79,126.77850000000001,3.174136061487261,0.025700864106783433,train
2023-04-03,208.31,82.57,125.74000000000001,126.6475,3.159461771283571,-0.049459441283883875,train
2023-04-04,202.36,80.9,121.46000000000001,126.41600000000001,3.365375399407804,-0.12888810969673758,train
2023-04-06,202.37,80.6,121.77000000000001,126.2625,3.5080326995403768,-0.12313509866683459,train
2023-04-07,203.76,80.36,123.39999999999999,126.19500000000001,3.5513874234685923,-0.09288539550960327,train
2023-04-10,210.15,80.93,129.22,125.95899999999999,3.14296524420933,0.01512274705180071,train
2023-04-11,209.0,80.54,128.45999999999998,126.024,3.182307008245565,0.0010185909784898837,train
2023-04-12,204.59,78.4,126.19,126.09949999999999,3.1666161168621176,-0.04110829624047657,train
2023-04-13,202.51,78.2,124.30999999999999,126.03699999999999,3.1900735843670134,-0.0759975244218237,train
2023-04-14,207.52,79.28,128.24,126.1875,3.2208512686444846,-0.0030641910427310188,train
2023-04-17,213.41,80.41,133.0,126.8815,3.111368416154595,0.08527236541642384,train
2023-04-18,214.03,80.26,133.76999999999998,127.465,3.2582761021568194,0.09956210249069859,train
2023-04-19,214.79,80.88,133.91,127.737,3.5597103666911227,0.10216023650420342,train
2023-04-20,206.81,78.94,127.87,127.61749999999999,3.5103289319546342,-0.009930688078421726,train
2023-04-21,211.8,78.26,133.54000000000002,127.8425,3.7428231323416,0.09529373946851324,train
2023-04-24,207.3,81.76,125.54,127.81000000000002,3.7607068204614253,-0.053171061303176156,train
2023-04-25,201.2,78.7,122.49999999999999,127.50450000000001,3.936368183195738,-0.1095876855964184,train
2023-04-26,212.71,80.93,131.78,127.79400000000001,4.030899599213404,0.06263148329874127,train
2023-04-27,219.21,83.57,135.64000000000001,128.111,4.388962112053824,0.13426574967108154,train
2023-04-28,219.06,82.55,136.51,128.632,4.74079007406012,0.15041129675500228,train
2023-05-04,213.73,81.44,132.29,128.757,4.805447676170471,0.0720961143479363,train
2023-05-05,215.21,80.62,134.59,129.1995,4.91913393639587,0.11477974456979713,train
2023-05-08,219.02,81.94,137.08,129.9805,4.865360347988654,0.16098941380998555,train
2023-05-09,214.04,80.63,133.41,130.5625,4.515106660742955,0.09288118645597285,train
2023-05-10,220.73,83.86,136.87,131.236,4.39346811815605,0.15709221278972854,train
2023-05-11,228.61,85.18,143.43,131.94650000000001,5.136463328624682,0.2788333494225137,train
2023-05-12,226.19,83.96,142.23000000000002,132.63500000000002,5.55070360641838,0.2565636293067605,train
2023-05-15,226.5,85.56,140.94,133.3725,5.628652147716189,0.23262368018232527,train
2023-05-16,227.21,85.64,141.57,134.2355,5.487437782885792,0.2443152832430957,train
2023-05-17,228.21,84.26,143.95,135.02100000000002,5.704166436634878,0.2884835614726731,train
2023-05-18,220.61,83.62,136.99,135.2205,5.69953504567099,0.15931918480130397,train
2023-05-19,218.21,83.66,134.55,135.2595,5.6917507019037,0.11403742056593882,train
2023-05-22,218.51,85.63,132.88,135.208,5.70923683719178,0.08304539340484843,train
2023-05-23,213.63,84.91,128.72,135.25050000000002,5.65463989732421,0.005843697003570139,train
2023-05-24,213.46,84.57,128.89000000000001,135.018,5.821797154251677,0.00899857401996883,train
2023-05-25,212.3,82.46,129.84000000000003,135.233,5.5251950191816475,0.02662876911160723,train
2023-05-26,208.21,79.59,128.62,135.539,4.919122621810787,0.003987886993924131,train
2023-05-29,205.27,78.91,126.36000000000001,135.268,5.273632124965045,-0.03795341922407788,train
2023-05-30,213.2,81.33,131.87,135.0795,5.3267453033072165,0.06430171230742283,train
2023-05-31,209.38,81.82,127.56,134.632,5.570606694728884,-0.015683699108324723,train
2023-06-01,211.11,82.41,128.70000000000002,134.45250000000001,5.706232857239749,0.005472535001641254,train
2023-06-02,216.65,83.62,133.03,134.37449999999998,5.7149098395052675,0.0858291084193177,train
2023-06-05,208.01,83.37,124.63999999999999,133.7525,6.070839597703334,-0.06987335138999155,train
2023-06-06,207.49,84.22,123.27000000000001,133.24550000000002,6.508582572669219,-0.09529794852214286,train
2023-06-07,195.51,82.78,112.72999999999999,132.03850000000003,7.892311565194066,-0.2909003235388437,train
2023-06-08,196.22,82.26,113.96,130.565,8.38898055408602,-0.26807386042019643,train
2023-06-09,200.25,83.26,116.99,129.303,8.440131016692755,-0.21184281712791914,train
2023-06-12,200.16,84.1,116.06,128.059,8.468166333547288,-0.22910185021762786,train
2023-06-13,201.31,84.34,116.97,126.82900000000002,8.184220311383104,-0.21221397912984827,train
2023-06-14,201.61,84.93,116.68,125.46549999999999,7.417400221952747,-0.21759582815782186,train
2023-06-15,219.09,87.89,131.2,125.176,7.047705412326803,0.05186778524279358,train
2023-06-16,219.31,87.62,131.69,125.03299999999999,6.8743773689345495,0.06096125429005971,train
2023-06-19,216.09,87.0,129.09,124.84349999999999,6.696620730676,0.012710194039260846,train
2023-06-20,216.21,86.68,129.53,124.88399999999999,6.723693690383174,0.020875758081703708,train
2023-06-21,213.12,86.52,126.60000000000001,124.76950000000002,6.671177182476364,-0.0334994752009273,train
2023-06-26,213.38,84.89,128.49,124.702,6.623834634345212,0.0015753339813842665,train
2023-06-27,211.68,83.95,127.73,124.6575,6.5990708077962825,-0.012528822091926297,train
2023-06-28,212.71,84.01,128.7,124.77449999999999,6.651380921123671,0.005472535001640726,train
2023-06-29,210.71,82.5,128.21,124.5915,6.49438322098765,-0.0036209340456248742,train
2023-06-30,217.0,83.35,133.65,124.896,6.7774909190561035,0.09733513047912369,train
2023-07-03,218.09,86.42,131.67000000000002,125.0445,6.896715064739421,0.06059009228813082,train
2023-07-04,217.46,87.76,129.7,124.87800000000001,6.732012759158057,0.02403063509810187,train
2023-07-05,215.72,86.26,129.45999999999998,125.11899999999999,6.808881119923909,0.019576691074951025,train
2023-07-06,213.06,86.63,126.43,125.277,6.8003754540306485,-0.03665435221732573,train
2023-07-07,210.46,85.4,125.06,125.89349999999999,6.128773617341763,-0.06207894934947757,train
2023-07-10,217.01,85.11,131.89999999999998,126.7905,5.578402407593519,0.06485845531031617,train
2023-07-11,217.3,87.04,130.26,127.454,5.121861709223839,0.03442317115212015,train
2023-07-12,215.2,85.8,129.39999999999998,128.121,4.373976752518355,0.018463205069163314,train
2023-07-13,218.21,86.54,131.67000000000002,128.856,3.5611047960447455,0.06059009228813082,train
2023-07-14,216.49,85.4,131.09,129.57649999999998,2.1435491351327656,0.04982639423218313,train
2023-07-17,213.86,85.43,128.43,129.43800000000002,2.122514893628747,0.00046184797559655595,train
2023-07-18,213.71,85.76,127.95,129.251,2.077949140756496,-0.008446040070704866,train
2023-07-19,207.71,85.54,122.17,128.905,2.613325165578228,-0.11571185862825029,train
2023-07-20,209.26,85.58,123.67999999999999,128.6125,2.8558229987154213,-0.08768912748259412,train
2023-07-21,209.8,85.37,124.43,128.504,2.9750407339081986,-0.073770552410248,train
2023-07-24,207.19,83.1,124.09,128.284,3.134541685627968,-0.08008030644304485,train
2023-07-25,214.56,85.46,129.10000000000002,128.35250000000002,3.1367664795710337,0.012895775040225816,train
2023-07-26,214.87,84.63,130.24,128.42950000000002,3.1645245340031414,0.03405200915019126,train
2023-07-27,215.19,84.47,130.72,128.555,3.2048753978558113,0.04295989719649242,train
2023-07-28,218.26,86.64,131.62,128.45350000000002,3.0640741282073933,0.059662187283307556,train
2023-07-31,225.96,88.31,137.65,128.7525,3.633355524637382,0.17156753086496826,train
2023-08-01,223.71,87.14,136.57,129.096,4.03067109470322,0.15152478276078998,train
2023-08-02,224.71,86.98,137.73000000000002,129.5095,4.470215436936269,0.17305217887268537,train
2023-08-03,227.35,87.05,140.3,130.203,5.010548977170378,0.22074649612059039,train
2023-08-04,233.72,87.08,146.64,131.28199999999998,6.0586871949546115,0.33840485073215354,train
2023-08-07,234.7,86.64,148.06,132.08999999999997,7.128549715939595,0.3647573528691287,train
2023-08-08,235.35,85.41,149.94,133.074,8.148027465524272,0.3996465810504755,train
2023-08-09,235.21,85.28,149.93,134.1005,8.917661644765206,0.3994610000495111,train
2023-08-10,234.71,85.21,149.5,134.99200000000002,9.531970912338855,0.3914810170080327,train
2023-08-11,229.71,84.06,145.65,135.72,9.771275303286727,0.3200323316366574,train
2023-08-14,221.11,79.58,141.53000000000003,136.375,9.695658550961424,0.24357295923923794,train
2023-08-15,219.51,79.16,140.35,136.995,9.523494769860903,0.22167440112541312,train
2023-08-16,220.81,79.04,141.76999999999998,137.975,8.906101102171135,0.24802690326238772,train
2023-08-17,223.46,79.65,143.81,138.9815,8.324009202933077,0.28588542745916884,train
2023-08-18,224.08,77.74,146.34000000000003,140.077,7.728594956393295,0.3328374207032161,train
2023-08-21,221.17,75.78,145.39,141.142,6.824305324198373,0.31520722561157716,train
2023-08-22,218.96,75.82,143.14000000000001,141.844,6.215337057379061,0.2734515003945401,train
2023-08-23,215.71,74.34,141.37,142.40050000000002,5.588314381955088,0.2406036632238037,train
2023-08-24,217.16,75.94,141.22,142.9255,4.881775426602132,0.23781994820933441,train
2023-08-25,216.55,75.18,141.37,143.413,4.120903196858853,0.2406036632238037,train
2023-08-28,218.71,76.15,142.56,143.6585,3.8998316765278274,0.2626878023385924,train
2023-08-29,226.71,79.88,146.83,144.1715,3.5800121655169903,0.34193088975048164,train
2023-08-30,225.71,80.91,144.8,144.52500000000003,3.243747832367117,0.30425794655466554,train
2023-08-31,224.76,80.78,143.98,144.709,3.0923111779119092,0.289040304475567,train
2023-09-01,224.61,80.68,143.93,144.57350000000002,3.0624745326523546,0.28811239947074424,train
2023-09-04,225.86,81.79,144.07,144.37400000000002,2.9513429592550473,0.2907105334842486,train
2023-09-05,225.03,80.65,144.38,144.096,2.6454735920629315,0.2964635445141516,train
2023-09-06,222.63,81.13,141.5,143.6745,2.3183761898970325,0.24301621623634354,train
2023-09-07,214.72,80.44,134.28,142.9135,2.761199729710896,0.10902673353989413,train
2023-09-08,211.15,78.99,132.16000000000003,142.239,3.582931613547183,0.06968356133539695,train
2023-09-11,209.74,79.98,129.76,141.65050000000002,4.54339714658169,0.02514412110388958,train
2023-09-12,206.14,81.64,124.49999999999999,140.858,5.947551110374286,-0.07247148540349611,train
2023-09-13,204.81,81.49,123.32000000000001,139.9355,7.114934237961366,-0.09437004351731987,train
2023-09-14,203.14,78.85,124.28999999999999,138.9595,7.855745115250276,-0.07636868642375284,train
2023-09-15,195.97,79.07,116.9,137.4875,9.065132666604923,-0.21351304613660044,train
2023-09-18,201.27,80.1,121.17000000000002,136.2765,9.558233857448487,-0.13426995872471117,train
2023-09-19,200.53,80.03,120.5,135.1445,10.031525819293332,-0.14670388578934043,train
2023-09-20,198.11,78.98,119.13000000000001,134.0325,10.525595807613673,-0.17212848292149202,train
2023-09-21,194.94,77.54,117.39999999999999,132.84150000000002,11.00618356102329,-0.20423399608837012,train
2023-09-22,199.14,79.33,119.80999999999999,131.7635,11.181348320446437,-0.15950897485589882,train
2023-09-25,197.49,79.58,117.91000000000001,130.531,11.286700091140965,-0.19476936503917458,train
2023-09-26,192.71,77.14,115.57000000000001,128.96800000000002,11.073242096437227,-0.2381953192648937,train
2023-09-27,191.87,76.92,114.95,127.47549999999998,10.836143456045347,-0.2497013413246997,train
2023-09-28,191.24,76.54,114.7,126.0115,10.460368955453035,-0.254340866348815,train
2023-10-09,183.71,76.97,106.74000000000001,124.152,10.41287239809186,-0.40206334311664554,train
2023-10-10,182.93,76.95,105.98,122.24750000000002,10.055327927861875,-0.4161674991899561,train
2023-10-11,182.98,77.17,105.80999999999999,120.319,9.253859450890744,-0.4193223762063548,train
2023-10-12,184.15,79.13,105.02000000000001,118.495,8.416554802105242,-0.4339832752825587,train
2023-10-13,178.81,77.76,101.05,116.8335,8.416398951795774,-0.5076589326655097,train
2023-10-16,172.97,76.81,96.16,115.0335,8.80661131734206,-0.5984080421372047,train
2023-10-17,173.65,76.98,96.67,113.37899999999999,9.00050460573717,-0.5889434110880094,train
2023-10-18,174.51,80.67,93.83999999999999,111.846,9.59787991940775,-0.6414628343609946,train
2023-10-19,170.91,77.84,93.07,110.3335,10.06661772237448,-0.6557525714352697,train
2023-10-20,169.21,77.38,91.83000000000001,108.7105,10.31175133167589,-0.6787646155548811,train
2023-10-23,165.47,77.19,88.28,107.27950000000001,11.073187852219013,-0.7446458708973184,train
2023-10-24,164.63,76.16,88.47,105.6445,11.325521005792037,-0.7411198318789908,train
2023-10-25,164.19,76.78,87.41,103.99000000000001,11.457346069111045,-0.7607914179812396,train
2023-10-26,166.28,77.18,89.1,102.4885,11.3358937497345,-0.7294282288182203,train
2023-10-27,172.93,78.29,94.64,101.3505,10.893968623436923,-0.6266163542838256,train
2023-10-30,176.23,79.18,97.04999999999998,100.2125,10.017702160623216,-0.5818913330513545,train
2023-10-31,173.81,77.16,96.65,99.1495,9.129545140569293,-0.5893145730899385,train
2023-11-01,175.75,76.38,99.37,98.33950000000002,8.274619072167747,-0.5388365408275643,train
2023-11-02,173.78,75.91,97.87,97.4855,7.293264719120433,-0.566673690972256,train
2023-11-03,175.65,77.19,98.46000000000001,96.6735,6.078721537159367,-0.5557244119153438,train
2023-11-06,185.29,78.61,106.67999999999999,96.6705,6.07350455927945,-0.4031768291224335,train
2023-11-07,179.45,77.97,101.47999999999999,96.4455,5.7870713209440945,-0.49967894962403153,train
2023-11-08,180.05,77.64,102.41000000000001,96.2755,5.542263906612156,-0.48241991653432226,train
2023-11-09,179.66,77.41,102.25,96.137,5.343278217094141,-0.48538921254975625,train
2023-11-10,177.24,76.63,100.61000000000001,96.11500000000001,5.322851926513506,-0.5158244967079523,train
2023-11-13,176.06,76.68,99.38,96.276,5.3727483900856,-0.5386509598265998,train
2023-11-14,171.89,76.85,95.03999999999999,96.19449999999999,5.378816613150543,-0.6191931142452413,train
2023-11-15,172.69,77.19,95.5,96.2775,5.353319555487735,-0.610656388200869,train
2023-11-16,169.36,77.08,92.28000000000002,96.23800000000001,5.381074633429258,-0.6704134705114736,train
2023-11-17,168.94,76.56,92.38,96.2655,5.35872085581399,-0.6685576605018279,train
2023-11-20,168.51,75.98,92.52999999999999,96.478,5.103582436310785,-0.6657739454873588,train
2023-11-21,168.82,75.71,93.11,96.71,4.817858226924712,-0.6550102474314111,train
2023-11-22,165.21,74.31,90.9,96.8845,4.517104889080678,-0.6960236486445901,train
2023-11-23,165.91,73.92,91.99,97.029,4.295778711345736,-0.6757953195394477,train
2023-11-24,163.21,69.93,93.28,96.961,4.346055561929412,-0.6518553704150126,train
2023-11-27,158.91,67.28,91.63,96.69000000000001,4.506244789763695,-0.6824762355741737,train
2023-11-28,160.13,67.61,92.52,96.4835,4.601790583996272,-0.6659595264883232,train
2023-11-29,155.06,64.97,90.09,96.0195,4.760540078826651,-0.7110557097227237,train
2023-11-30,155.21,64.03,91.18,95.685,4.857716054193333,-0.690827380617581,train
2023-12-01,153.71,63.33,90.38000000000001,95.28099999999999,4.949900477469425,-0.7056738606947498,train
2023-12-04,149.86,63.11,86.75000000000001,94.28450000000001,4.521930741573711,-0.7730397640449037,train
2023-12-05,147.02,63.09,83.93,93.407,4.74923606045284,-0.8253736063169242,train
2023-12-06,151.09,64.71,86.38000000000001,92.6055,4.495765814982932,-0.7799062610805944,train
2023-12-07,152.7,64.13,88.57,91.92150000000001,3.959917961671616,-0.7392640218693448,train
2023-12-08,151.8,63.83,87.97000000000001,91.2895,3.47982073797386,-0.7503988819272212,train
2023-12-11,153.56,64.04,89.52,90.79650000000001,2.927976263567061,-0.7216338267777067,train
2023-12-12,151.84,63.09,88.75,90.482,2.782374222817945,-0.7359235638519817,train
2023-12-13,147.56,61.58,85.98,90.006,2.691572422446716,-0.787329501119179,train
2023-12-14,144.84,61.37,83.47,89.56550000000001,3.0027539552554456,-0.8339103323612965,train
2023-12-15,143.21,62.07,81.14000000000001,89.0035,3.4645942649992443,-0.8771507055860507,train
2023-12-18,135.18,60.66,74.52000000000001,88.10300000000001,4.64068064427178,-1.0000053282246235,train
2023-12-19,137.21,60.31,76.9,87.2925,5.11180972691907,-0.955837049995046,train
2023-12-20,136.66,59.27,77.38999999999999,86.617,5.488748395343211,-0.9467435809477804,train
2023-12-21,142.6,60.87,81.72999999999999,86.10400000000001,5.439384059558852,-0.8662014265291391,train
2023-12-22,144.5,61.73,82.77000000000001,85.5785,5.21257919288715,-0.846901002428819,train
2023-12-25,145.75,61.7,84.05,85.1995,5.02148801075142,-0.8231466343053491,train
2023-12-26,144.34,61.56,82.78,84.7125,4.738489516159351,-0.8467154214278546,train
2023-12-27,142.54,61.46,81.07999999999998,84.262,4.627326840004497,-0.8782641915918389,train
2023-12-28,151.2,63.66,87.53999999999999,84.08,4.407260755666338,-0.7583788649686998,train
2023-12-29,151.47,63.64,87.83,83.95250000000001,4.249472877529369,-0.752997015940726,train
